platform,profile,motor,report,completed,cases,pass_0_2,pass_0_2_4,failures,loaded_dry_mass_g,loaded_launch_mass_g,apogee_m,peak_powered_speed_m_s,guide_departure_m_s,minimum_ascent_stability_cal,deployment_speed_m_s,landing_descent_m_s,landing_displacement_m,peak_powered_specific_force_estimate_g
18-c5,nominal,C5-3,bt60-18-c5-nominal/report.md,9,9,6,6,"{""minimum_ascent_stability_cal"": 1, ""deployment_speed_m_s"": 2}",157.1487754861409,180.9487754861409,"[57.62030973436562, 59.49825716713795]","[22.949080695152468, 23.100946669204532]","[12.513869938633041, 12.520111627954684]","[1.6844800491488714, 1.9704081602114445]","[7.432039103937342, 8.61605220401883]","[5.082737202005816, 5.082795153667977]","[0.06161777740781607, 2.9307117020593507]","[11.65845729366783, 11.666504308967212]"
24-cd,nominal,C11-3,bt60-24-cd-nominal/report.md,9,9,0,0,"{""launch_mass_g"": 9, ""minimum_ascent_stability_cal"": 2}",162.1487754861409,197.4487754861409,"[74.01928546892013, 74.73934544025272]","[37.08165520332021, 37.20935039270219]","[12.071506956505464, 12.077346922378911]","[1.3519193856569505, 1.794750138696961]","[3.7714227077194193, 3.884805648312923]","[5.309494435631656, 5.309554954397882]","[0.02011707177713845, 20.905436094255478]","[11.425653404714568, 11.433238403384795]"
24-cd,nominal,C11-5,bt60-24-cd-nominal/report.md,9,9,0,0,"{""launch_mass_g"": 9, ""minimum_ascent_stability_cal"": 5, ""deployment_speed_m_s"": 9}",162.1487754861409,197.4487754861409,"[74.22471530866608, 74.91198551963483]","[37.08165520332021, 37.20935039270219]","[12.071506956505464, 12.077346922378911]","[0.9060608864843197, 1.6786805142460894]","[11.768502984968842, 12.635447277098265]","[5.309494326911845, 5.30955496593676]","[1.009844199510905, 14.341881143085981]","[11.425653404714568, 11.433238403384795]"
24-cd,nominal,D12-3,bt60-24-cd-nominal/report.md,9,9,0,0,"{""deployment_speed_m_s"": 9, ""minimum_ascent_stability_cal"": 4}",162.1487754861409,204.7487754861409,"[181.14182826991993, 182.52527348382011]","[63.12373261713272, 63.26924755188188]","[13.017577204263132, 13.0230616013495]","[1.2394923892014909, 1.6571899235337488]","[19.742251013623868, 19.780004827916475]","[5.283660479845367, 5.283720743218805]","[0.048933434319598026, 52.333328688614]","[15.077485946407217, 15.085187017196153]"
24-cd,nominal,D12-5,bt60-24-cd-nominal/report.md,9,9,5,5,"{""minimum_ascent_stability_cal"": 4}",162.1487754861409,204.7487754861409,"[196.07112079631054, 197.84682845022266]","[63.12373261713272, 63.26924755188188]","[13.017577204263132, 13.0230616013495]","[1.0798573164774727, 1.546435104891895]","[0.4918745363809636, 2.7458316146638704]","[5.283660518697129, 5.283720751121924]","[0.09067114234939426, 50.341300153967616]","[15.077485946407217, 15.085187017196153]"
24-cd,nominal,D12-7,bt60-24-cd-nominal/report.md,9,9,0,0,"{""minimum_ascent_stability_cal"": 5, ""deployment_speed_m_s"": 9}",162.1487754861409,204.7487754861409,"[196.07112079631054, 197.84682845022266]","[63.12373261713272, 63.26924755188188]","[13.017577204263132, 13.0230616013495]","[1.0798573164774727, 1.546435104891895]","[13.252638499612482, 18.04051891492022]","[5.283660521907863, 5.283720752239619]","[0.9129644879517903, 38.58451786868734]","[15.077485946407217, 15.085187017196153]"
24-e,nominal,E12-4,bt60-24-e-nominal/report.md,9,9,0,0,"{""minimum_ascent_stability_cal"": 5, ""deployment_speed_m_s"": 9}",161.1487754861409,221.0487754861409,"[324.5172412757032, 326.77409510022]","[87.79861214334804, 87.93528166866595]","[13.318526421508675, 13.323652821847073]","[1.0514568828487674, 1.4618044609721208]","[19.74133289854762, 19.751699282831098]","[5.3051975150054105, 5.305257971524006]","[0.12910299766722141, 91.75915080305836]","[15.566380811940949, 15.573448323509272]"
24-e,nominal,E12-6,bt60-24-e-nominal/report.md,9,9,4,4,"{""minimum_ascent_stability_cal"": 5}",161.1487754861409,221.0487754861409,"[339.29687444555526, 341.99547124818537]","[87.79861214334804, 87.93528166866595]","[13.318526421508675, 13.323652821847073]","[1.0514568828487674, 1.2793762064901613]","[0.5124216358127937, 3.228983705921857]","[5.305197482108477, 5.305258010025981]","[0.19704612660067433, 88.68089127563222]","[15.566380811940949, 15.573448323509272]"
24-e,nominal,E12-8,bt60-24-e-nominal/report.md,9,9,0,0,"{""minimum_ascent_stability_cal"": 5, ""deployment_speed_m_s"": 9}",161.1487754861409,221.0487754861409,"[339.29687444555526, 341.99547124818537]","[87.79861214334804, 87.93528166866595]","[13.318526421508675, 13.323652821847073]","[1.0514568828487674, 1.2793762064901613]","[13.305801489563413, 18.768734364666585]","[5.305197439281055, 5.305257993614269]","[0.7949524282549165, 75.98082151305019]","[15.566380811940949, 15.573448323509272]"
18-c5,upper-avionics,C5-3,bt60-18-c5-upper-avionics/report.md,9,9,4,4,"{""minimum_ascent_stability_cal"": 1, ""deployment_speed_m_s"": 4}",165.6987754861409,189.49877548614091,"[51.889412922867606, 53.854598816387224]","[21.23483509084586, 21.372352203328255]","[12.170268864442166, 12.176156484253662]","[1.8550437118853738, 2.175707298603396]","[8.813099934962946, 10.10122296451561]","[5.209039640327405, 5.209099017513141]","[0.13583348882009347, 1.0953794993530952]","[11.126885580017067, 11.134330290521829]"
24-cd,upper-avionics,C11-3,bt60-24-cd-upper-avionics/report.md,9,9,0,0,"{""launch_mass_g"": 9, ""minimum_ascent_stability_cal"": 2, ""guide_departure_m_s"": 6}",170.6987754861409,205.99877548614091,"[68.85404802451087, 69.55752526697697]","[35.27373685979531, 35.40440726290127]","[11.845441181702606, 11.851016279918268]","[1.483143860191058, 1.9740178974091165]","[2.572980164840138, 2.8262627175621033]","[5.43052829065093, 5.430590165393822]","[0.019069097139722324, 18.169672477051385]","[10.94581709409601, 10.953011145345048]"
24-cd,upper-avionics,C11-5,bt60-24-cd-upper-avionics/report.md,9,9,0,0,"{""launch_mass_g"": 9, ""minimum_ascent_stability_cal"": 3, ""deployment_speed_m_s"": 9, ""guide_departure_m_s"": 6}",170.6987754861409,205.99877548614091,"[68.92160690762775, 69.60426458635114]","[35.27373685979531, 35.40440726290127]","[11.845441181702606, 11.851016279918268]","[1.0812807212789188, 1.7986551474203047]","[12.99409864656935, 14.443933282600847]","[5.430528271555755, 5.430590256281779]","[0.8544823521491491, 10.010270180868583]","[10.94581709409601, 10.953011145345048]"
24-cd,upper-avionics,D12-3,bt60-24-cd-upper-avionics/report.md,9,9,0,0,"{""deployment_speed_m_s"": 9, ""minimum_ascent_stability_cal"": 2}",170.6987754861409,213.2987754861409,"[173.54297078013423, 175.02129553277405]","[60.43698108304153, 60.58391457789011]","[12.890575660589711, 12.895874946192363]","[1.4152824391766345, 1.8362246078141504]","[18.744959765626767, 18.758213043792935]","[5.4052725942455195, 5.405334239489549]","[0.04992888252440438, 47.37292637409721]","[14.465249871862818, 14.472608714910098]"
24-cd,upper-avionics,D12-5,bt60-24-cd-upper-avionics/report.md,9,9,5,7,"{""minimum_ascent_stability_cal"": 2}",170.6987754861409,213.2987754861409,"[186.72266848891888, 188.5845943817674]","[60.43698108304153, 60.58391457789011]","[12.890575660589711, 12.895874946192363]","[1.3045559013472603, 1.641192301924771]","[1.3937214110741811, 3.2302309960508886]","[5.405272572434379, 5.405334186564027]","[0.08940767800431623, 44.25970389525835]","[14.465249871862818, 14.472608714910098]"
24-cd,upper-avionics,D12-7,bt60-24-cd-upper-avionics/report.md,9,9,0,0,"{""minimum_ascent_stability_cal"": 3, ""deployment_speed_m_s"": 9}",170.6987754861409,213.2987754861409,"[186.72266848891888, 188.5845943817674]","[60.43698108304153, 60.58391457789011]","[12.890575660589711, 12.895874946192363]","[1.3045559013472603, 1.641192301924771]","[15.779284530621307, 19.475300822693665]","[5.405272594414073, 5.405334154267757]","[0.23308374213574698, 31.573209316113626]","[14.465249871862818, 14.472608714910098]"
24-e,upper-avionics,E12-4,bt60-24-e-upper-avionics/report.md,9,9,0,0,"{""minimum_ascent_stability_cal"": 5, ""deployment_speed_m_s"": 9}",169.6987754861409,229.5987754861409,"[315.21568195975146, 317.65814387251584]","[84.88972827640222, 85.02801155144003]","[13.238253931308968, 13.243237597046098]","[1.2233134816486697, 1.6356400770514061]","[19.38504981458053, 19.430814924569574]","[5.426327172645347, 5.426388974367272]","[0.12958006189137514, 84.20236170932607]","[14.977344377356392, 14.984203464083278]"
24-e,upper-avionics,E12-6,bt60-24-e-upper-avionics/report.md,9,9,4,4,"{""minimum_ascent_stability_cal"": 5}",169.6987754861409,229.5987754861409,"[329.2972937153433, 332.2104784492924]","[84.88972827640222, 85.02801155144003]","[13.238253931308968, 13.243237597046098]","[1.2233134816486697, 1.4336427174018271]","[0.8092681278605992, 3.62013672764673]","[5.426327115779323, 5.426389046580456]","[0.19713971068322367, 80.13628896714752]","[14.977344377356392, 14.984203464083278]"
24-e,upper-avionics,E12-8,bt60-24-e-upper-avionics/report.md,9,9,0,0,"{""minimum_ascent_stability_cal"": 5, ""deployment_speed_m_s"": 9}",169.6987754861409,229.5987754861409,"[329.2972937153433, 332.2104784492924]","[84.88972827640222, 85.02801155144003]","[13.238253931308968, 13.243237597046098]","[1.2233134816486697, 1.4336427174018271]","[15.265515558744992, 19.47526725482674]","[5.426327172306528, 5.426389052783278]","[0.12859619556337604, 66.71918627315847]","[14.977344377356392, 14.984203464083278]"
18-c5,heavy-build,C5-3,bt60-18-c5-heavy-build/report.md,9,9,2,2,"{""minimum_ascent_stability_cal"": 1, ""deployment_speed_m_s"": 7, ""guide_departure_m_s"": 6}",185.3044289977738,209.10442899777382,"[40.875128413577755, 42.96764072380696]","[17.73903107215724, 17.852695299044292]","[11.483366301552094, 11.488878883783299]","[1.7882216841989178, 2.16518374588343]","[11.338875998302202, 13.248686196439152]","[5.487699899349516, 5.487762452339401]","[0.44489036150914407, 8.533592227704483]","[10.073335826985836, 10.079558238434332]"
24-cd,heavy-build,C11-3,bt60-24-cd-heavy-build/report.md,9,9,0,0,"{""launch_mass_g"": 9, ""guide_departure_m_s"": 9, ""minimum_ascent_stability_cal"": 2}",192.8044289977738,228.1044289977738,"[57.1654334126525, 57.74598159770937]","[31.213425739099716, 31.3385317088862]","[11.354806102635473, 11.359820924601134]","[1.0099180162167536, 1.8166230583687417]","[0.35648543647225994, 1.346697701203145]","[5.731628655715736, 5.731694126115667]","[0.015490131522568678, 13.351333596330553]","[9.87252541102533, 9.878924509840152]"
24-cd,heavy-build,C11-5,bt60-24-cd-heavy-build/report.md,9,9,0,0,"{""launch_mass_g"": 9, ""guide_departure_m_s"": 9, ""deployment_speed_m_s"": 9, ""minimum_ascent_stability_cal"": 2}",192.8044289977738,228.1044289977738,"[57.1654334126525, 57.74598159770937]","[31.213425739099716, 31.3385317088862]","[11.354806102635473, 11.359820924601134]","[1.0099180162167536, 1.8166230583687417]","[14.101981505672606, 15.91420199383129]","[5.731628728919135, 5.7316940908444804]","[0.7816296500288238, 4.0367365187672934]","[9.87252541102533, 9.878924509840152]"
24-cd,heavy-build,D12-3,bt60-24-cd-heavy-build/report.md,9,9,0,0,"{""deployment_speed_m_s"": 9, ""minimum_ascent_stability_cal"": 2}",192.8044289977738,235.4044289977738,"[154.90512157120017, 156.52510105385647]","[54.166309971064386, 54.31806264515076]","[12.593738041496481, 12.59858531106922]","[1.375438602775654, 1.804175363738296]","[15.929230925585077, 15.989097625102817]","[5.707704674481683, 5.707769771156363]","[0.04750352986223335, 36.92426439008862]","[13.0899599643145, 13.096466961567156]"
24-cd,heavy-build,D12-5,bt60-24-cd-heavy-build/report.md,9,9,4,6,"{""minimum_ascent_stability_cal"": 3}",192.8044289977738,235.4044289977738,"[163.78897873228257, 165.70046057895482]","[54.166309971064386, 54.31806264515076]","[12.593738041496481, 12.59858531106922]","[1.2388960194337872, 1.3476722523013474]","[3.9735958075456543, 4.970039672263413]","[5.707704644735258, 5.707769814366773]","[0.06823010698896491, 31.6839930964901]","[13.0899599643145, 13.096466961567156]"
24-cd,heavy-build,D12-7,bt60-24-cd-heavy-build/report.md,9,9,0,0,"{""minimum_ascent_stability_cal"": 3, ""deployment_speed_m_s"": 9, ""launch_mass_g"": 6}",192.8044289977738,235.4044289977738,"[163.78897873228257, 165.70046057895482]","[54.166309971064386, 54.31806264515076]","[12.593738041496481, 12.59858531106922]","[1.2388960194337872, 1.3476722523013474]","[17.17493447158099, 21.882448178296116]","[5.707704622488499, 5.707769800142087]","[0.01833926659014384, 17.39261701987491]","[13.0899599643145, 13.096466961567156]"
24-e,heavy-build,E12-4,bt60-24-e-heavy-build/report.md,9,9,0,0,"{""deployment_speed_m_s"": 9, ""minimum_ascent_stability_cal"": 4}",191.3044289977738,251.2044289977738,"[291.7470464342228, 294.48021924726567]","[77.94982921404817, 78.08882015923358]","[12.89288497698504, 12.897464529759423]","[1.2069110851103613, 1.6279228193174693]","[18.043602896563968, 18.18518043415486]","[5.721008182194449, 5.721073341513245]","[0.1269294839698604, 68.39315328352147]","[13.669170861050105, 13.67551916806461]"
24-e,heavy-build,E12-6,bt60-24-e-heavy-build/report.md,9,9,4,4,"{""minimum_ascent_stability_cal"": 5}",191.3044289977738,251.2044289977738,"[303.5037261545712, 306.6937494662071]","[77.94982921404817, 78.08882015923358]","[12.89288497698504, 12.897464529759423]","[1.2069110851103613, 1.3243436591048332]","[1.992065644314424, 4.541576514466806]","[5.721008093355992, 5.721073317614371]","[0.1882833798971932, 62.32360053206421]","[13.669170861050105, 13.67551916806461]"
24-e,heavy-build,E12-8,bt60-24-e-heavy-build/report.md,9,9,0,0,"{""minimum_ascent_stability_cal"": 5, ""deployment_speed_m_s"": 9}",191.3044289977738,251.2044289977738,"[303.5037261545712, 306.6937494662071]","[77.94982921404817, 78.08882015923358]","[12.89288497698504, 12.897464529759423]","[1.2069110851103613, 1.3243436591048332]","[15.520938413446263, 20.8213701036108]","[5.72100815256446, 5.72107333176513]","[0.08858350577359335, 47.582240822582634]","[13.669170861050105, 13.67551916806461]"
18-c5,inert-plus20,C5-3,bt60-18-c5-inert-plus20/report.md,9,9,2,2,"{""minimum_ascent_stability_cal"": 1, ""guide_departure_m_s"": 6, ""deployment_speed_m_s"": 6}",177.14877548614092,200.94877548614093,"[45.08540280824234, 47.175365627334976]","[19.131420699220833, 19.247074618846966]","[11.749275768565031, 11.754898768380054]","[2.046346042289475, 2.3743713519635534]","[10.402068868724768, 12.112340784158647]","[5.373536085424346, 5.373597339746082]","[0.2947034342890662, 6.124844320610052]","[10.486418788588567, 10.493125209382358]"
24-cd,inert-plus20,C11-3,bt60-24-cd-inert-plus20/report.md,9,9,0,0,"{""launch_mass_g"": 9, ""minimum_ascent_stability_cal"": 2, ""guide_departure_m_s"": 6}",182.14877548614092,217.4487754861409,"[62.46212343757115, 63.14173114826816]","[33.064778857878935, 33.19957450133842]","[11.49491848837082, 11.50011997506381]","[1.381048586033406, 2.178730340778049]","[1.0233609910006145, 1.7274003300780896]","[5.588512761313452, 5.588576475315513]","[0.01754409433558113, 14.972018469571722]","[10.362434779150693, 10.369202606385414]"
24-cd,inert-plus20,C11-5,bt60-24-cd-inert-plus20/report.md,9,9,0,0,"{""launch_mass_g"": 9, ""minimum_ascent_stability_cal"": 3, ""deployment_speed_m_s"": 9, ""guide_departure_m_s"": 6}",182.14877548614092,217.4487754861409,"[62.4667475007168, 63.14342323290723]","[33.064778857878935, 33.19957450133842]","[11.49491848837082, 11.50011997506381]","[1.2823816616479347, 2.0933957790218907]","[14.605847750540441, 16.231114513991304]","[5.5885126626177195, 5.588576429840059]","[0.4396936546995094, 6.564079893948338]","[10.362434779150693, 10.369202606385414]"
24-cd,inert-plus20,D12-3,bt60-24-cd-inert-plus20/report.md,9,9,0,0,"{""deployment_speed_m_s"": 9, ""minimum_ascent_stability_cal"": 2}",182.14877548614092,224.74877548614091,"[163.68176118851457, 165.27258973097165]","[57.075692164729965, 57.222492327789716]","[12.8223209563688, 12.827432173974605]","[1.6199643768514, 2.0426992888921913]","[17.318190541510575, 17.341538670002528]","[5.5639737163574425, 5.564037172218721]","[0.049385678912025305, 41.29583642828355]","[13.718901653065076, 13.725823767814205]"
24-cd,inert-plus20,D12-5,bt60-24-cd-inert-plus20/report.md,9,9,5,7,"{""minimum_ascent_stability_cal"": 2}",182.14877548614092,224.74877548614091,"[174.55439493754105, 176.50949947771514]","[57.075692164729965, 57.222492327789716]","[12.8223209563688, 12.827432173974605]","[1.5591904984146925, 1.6852877046383428]","[2.6941702336744937, 4.146667615433227]","[5.563973757774953, 5.564037133900687]","[0.0818972425831012, 36.83133254912832]","[13.718901653065076, 13.725823767814205]"
24-cd,inert-plus20,D12-7,bt60-24-cd-inert-plus20/report.md,9,9,0,0,"{""minimum_ascent_stability_cal"": 3, ""deployment_speed_m_s"": 9}",182.14877548614092,224.74877548614091,"[174.55439493754105, 176.50949947771514]","[57.075692164729965, 57.222492327789716]","[12.8223209563688, 12.827432173974605]","[1.5591904984146925, 1.6852877046383428]","[17.241811496755954, 21.031399699934326]","[5.563973735517761, 5.564037193171225]","[1.010016666408885, 23.073379636275003]","[13.718901653065076, 13.725823767814205]"
24-e,inert-plus20,E12-4,bt60-24-e-inert-plus20/report.md,9,9,0,0,"{""minimum_ascent_stability_cal"": 3, ""deployment_speed_m_s"": 9}",181.14877548614092,241.04877548614093,"[302.6806297475659, 305.376153512626]","[81.13646492785406, 81.27633233814925]","[12.983762499911615, 12.988467383032951]","[1.4181512713176345, 1.8368328107170884]","[18.745864503671225, 18.850955061674576]","[5.584430406104885, 5.584494119081557]","[0.1257920285542361, 74.64833259621022]","[14.254588780167044, 14.26115529734239]"
24-e,inert-plus20,E12-6,bt60-24-e-inert-plus20/report.md,9,9,4,6,"{""minimum_ascent_stability_cal"": 3}",181.14877548614092,241.04877548614093,"[315.5922914020548, 318.78491876314826]","[81.13646492785406, 81.27633233814925]","[12.983762499911615, 12.988467383032951]","[1.4181512713176345, 1.7744145781538296]","[1.364626654509512, 4.212019295100614]","[5.584430404838199, 5.584494017750571]","[0.19012960178533866, 69.24827013905787]","[14.254588780167044, 14.26115529734239]"
24-e,inert-plus20,E12-8,bt60-24-e-inert-plus20/report.md,9,9,0,0,"{""minimum_ascent_stability_cal"": 3, ""deployment_speed_m_s"": 9}",181.14877548614092,241.04877548614093,"[315.5922914020548, 318.78491876314826]","[81.13646492785406, 81.27633233814925]","[12.983762499911615, 12.988467383032951]","[1.4181512713176345, 1.7744145781538296]","[16.57434228574787, 20.327766136533427]","[5.584430397337845, 5.584493996144087]","[0.5018171925432803, 54.80093513227324]","[14.254588780167044, 14.26115529734239]"
18-c5,inert-plus40,C5-3,bt60-18-c5-inert-plus40/report.md,9,9,2,2,"{""minimum_ascent_stability_cal"": 1, ""guide_departure_m_s"": 6, ""deployment_speed_m_s"": 6}",197.1487754861409,220.9487754861409,"[35.25570917465309, 37.57162493519009]","[15.933413382757331, 15.985498214219739]","[10.922019582933524, 10.927251083595452]","[2.332939683079582, 2.4028930588382567]","[12.038822047231143, 15.232786590831351]","[5.649394160725983, 5.64945863430697]","[0.502277047318722, 13.794778979397238]","[9.528152672703945, 9.533724929809637]"
24-cd,inert-plus40,C11-3,bt60-24-cd-inert-plus40/report.md,9,9,0,0,"{""launch_mass_g"": 9, ""minimum_ascent_stability_cal"": 2, ""guide_departure_m_s"": 6}",202.1487754861409,237.44877548614087,"[52.826072705576806, 53.458243530450055]","[29.70505160876106, 29.839246042837065]","[11.138334802910082, 11.143118786216577]","[1.6164190469801079, 2.4570266818715236]","[1.5141124560000838, 2.1903655279395866]","[5.854255800330063, 5.854322550625146]","[0.013440558656317554, 10.66249499549847]","[9.479392941158327, 9.485466273983548]"
24-cd,inert-plus40,C11-5,bt60-24-cd-inert-plus40/report.md,9,9,0,0,"{""launch_mass_g"": 9, ""minimum_ascent_stability_cal"": 3, ""deployment_speed_m_s"": 9, ""guide_departure_m_s"": 6}",202.1487754861409,237.44877548614087,"[52.826072705576806, 53.458243530450055]","[29.70505160876106, 29.839246042837065]","[11.138334802910082, 11.143118786216577]","[1.6164190469801079, 2.4570266818715236]","[16.701179916815562, 18.99774023848644]","[5.854255737058147, 5.854322465246899]","[0.8809735588386576, 1.195311269956739]","[9.479392941158327, 9.485466273983548]"
24-cd,inert-plus40,D12-3,bt60-24-cd-inert-plus40/report.md,9,9,0,0,"{""deployment_speed_m_s"": 9, ""minimum_ascent_stability_cal"": 2}",202.1487754861409,244.7487754861409,"[147.2966964292978, 149.11700627490902]","[51.78127916678953, 51.934671541499405]","[12.469681538216593, 12.474364422952418]","[1.931757135447026, 2.363829735337038]","[14.689208545773218, 14.82084418638847]","[5.830834533875335, 5.8309010442795275]","[0.04724447743480422, 31.727350996922983]","[12.583847277032179, 12.590046699805523]"
24-cd,inert-plus40,D12-5,bt60-24-cd-inert-plus40/report.md,9,9,5,7,"{""minimum_ascent_stability_cal"": 2}",202.1487754861409,244.7487754861409,"[154.51297290645658, 156.6142446018256]","[51.78127916678953, 51.934671541499405]","[12.469681538216593, 12.474364422952418]","[1.931757135447026, 2.0311380132415358]","[5.131330564829794, 6.258343684436973]","[5.8308345841229485, 5.830901087308804]","[0.05332526104779368, 25.145632923942625]","[12.583847277032179, 12.590046699805523]"
24-cd,inert-plus40,D12-7,bt60-24-cd-inert-plus40/report.md,9,9,0,0,"{""minimum_ascent_stability_cal"": 3, ""deployment_speed_m_s"": 9, ""launch_mass_g"": 6}",202.1487754861409,244.7487754861409,"[154.51297290645658, 156.6142446018256]","[51.78127916678953, 51.934671541499405]","[12.469681538216593, 12.474364422952418]","[1.931757135447026, 2.0311380132415358]","[19.432550824682057, 23.548631561846253]","[5.830834556665801, 5.830901028560478]","[1.9260271426060767, 9.186703716865733]","[12.583847277032179, 12.590046699805523]"
24-e,inert-plus40,E12-4,bt60-24-e-inert-plus40/report.md,9,9,0,0,"{""minimum_ascent_stability_cal"": 3, ""deployment_speed_m_s"": 9}",201.1487754861409,261.04877548614087,"[280.8213602741518, 283.9692934175447]","[74.9906828973151, 75.13179334570847]","[12.54410462209138, 12.548415447444649]","[1.7236303849236358, 2.153749036579212]","[17.258966537772547, 17.5070216608288]","[5.850358644867352, 5.850425445198009]","[0.126289797324556, 59.39678061587882]","[13.145686326869521, 13.151752754513451]"
24-e,inert-plus40,E12-6,bt60-24-e-inert-plus40/report.md,9,9,4,6,"{""minimum_ascent_stability_cal"": 3}",201.1487754861409,261.04877548614087,"[291.2652222430843, 294.9144219021839]","[74.9906828973151, 75.13179334570847]","[12.54410462209138, 12.548415447444649]","[1.7132962023260991, 1.7236303849236358]","[2.7063048010557154, 5.496060311994063]","[5.850358763553949, 5.850425494066047]","[0.18330339298362663, 51.732224129821944]","[13.145686326869521, 13.151752754513451]"
24-e,inert-plus40,E12-8,bt60-24-e-inert-plus40/report.md,9,9,0,0,"{""minimum_ascent_stability_cal"": 3, ""deployment_speed_m_s"": 9}",201.1487754861409,261.04877548614087,"[291.2652222430843, 294.9144219021839]","[74.9906828973151, 75.13179334570847]","[12.54410462209138, 12.548415447444649]","[1.7132962023260991, 1.7236303849236358]","[17.509409843003308, 21.967065185183714]","[5.850358756731901, 5.850425446291878]","[1.434240148305387, 35.20747557601038]","[13.145686326869521, 13.151752754513451]"
