body_mm,nose_mm,nose_shape,span_mm,fin_root_mm,motor,wind_m_s,launch_mass_g,loaded_cg_mm,apogee_m,guide_m_s,stability_cal,deployment_m_s,descent_m_s,drift_m,status
500.0,40.0,conical,45.0,65.0,D12-5,4.0,215.6635441493899,307.7255247254604,177.20414824247638,12.96442847071851,1.349114668839539,6.022668785285657,4.849822618814466,103.15089607633404,completed
500.0,40.0,conical,50.0,65.0,D12-5,4.0,216.85648520476093,308.88506524580265,174.0915837406272,12.879591680749213,1.5905482556259007,6.503136817297919,4.86466971916613,98.2810305340526,completed
500.0,40.0,conical,53.65384615384615,65.0,D12-5,4.0,217.7282498221474,309.72438634194265,171.84746494325776,12.818180550988496,1.745428933461212,6.844729577854676,4.875490859076784,94.878665007296,completed
500.0,40.0,conical,55.0,65.0,D12-5,4.0,218.04942626013187,310.03191815200364,171.03188653963537,12.795679259862652,1.7983424739057237,6.968842084638511,4.879471639784637,93.66694657315375,completed
500.0,40.0,conical,65.0,65.0,D12-5,4.0,220.4353083708739,312.288385068521,165.29683629889578,12.870693497501108,2.1449323845424595,7.749715870258762,4.908941568732232,86.01068913468512,completed
500.0,50.0,conical,45.0,65.0,D12-5,4.0,216.29322487468238,316.852889274983,180.37876640643233,12.921668907770004,1.3289539696706565,5.894527036678371,4.857665152382952,104.8066982680418,completed
500.0,50.0,conical,50.0,65.0,D12-5,4.0,217.4861659300534,318.0138591383739,177.11726201514358,12.837296524786701,1.5723829592364202,6.345958724719314,4.872488360140356,99.80376620333257,completed
500.0,50.0,conical,53.65384615384615,65.0,D12-5,4.0,218.3579305474399,318.85423804973385,174.77383828796468,12.77622011360791,1.7286565468148065,6.66913000939484,4.883292207557749,96.33063839530006,completed
500.0,50.0,conical,55.0,65.0,D12-5,4.0,218.6791069854244,319.16216232653267,173.9088415759526,12.753841156137572,1.7820673721452802,6.792996289134281,4.887266559849374,95.0431943713614,completed
500.0,50.0,conical,65.0,65.0,D12-5,4.0,221.06498909616636,321.4215889208479,167.92750824540738,12.829115722078642,2.1322980503573987,7.533872648914672,4.916689800090641,87.23560637292691,completed
500.0,60.0,conical,45.0,65.0,D12-5,4.0,216.92290559997502,325.9708024514978,182.12525894829176,12.87845189367562,1.3086516852731287,5.8632728260364395,4.865494985992633,105.59503516244533,completed
500.0,60.0,conical,50.0,65.0,D12-5,4.0,218.11584665534602,327.13324509756546,178.77369496153432,12.794553193129095,1.5540776671469272,6.293463695896814,4.880294446458477,100.50236038736135,completed
500.0,60.0,conical,53.65384615384615,65.0,D12-5,4.0,218.98761127273252,327.97471319273154,176.36237958870083,12.733818142072804,1.7117467075273678,6.606853822561453,4.8910810572582735,96.95586534064039,completed
500.0,60.0,conical,55.0,65.0,D12-5,4.0,219.30878771071698,328.28304141448734,175.49255221849353,12.711563936565586,1.7656559896999027,6.717879521856233,4.895049089274118,95.72039026351459,completed
500.0,60.0,conical,65.0,65.0,D12-5,4.0,221.694669821459,330.5455116610522,169.34908464730154,12.787088907906162,2.119540086043115,7.436772442137571,4.92442586464699,87.75784492506158,completed
500.0,70.0,conical,45.0,65.0,D12-5,4.0,217.55258632526753,335.07934632271383,183.01235476606155,12.835091612866712,1.2882206198705624,5.863699487563559,4.873312335053944,105.86034422670745,completed
500.0,70.0,conical,50.0,65.0,D12-5,4.0,218.74552738063855,336.2433043683904,179.60782186358406,12.751669887593533,1.5356455082438558,6.281131219088292,4.8880880516230505,100.71352697899272,completed
500.0,70.0,conical,53.65384615384615,65.0,D12-5,4.0,219.61729199802505,337.08589242363126,177.16545342751814,12.691285767540933,1.6946407047884957,6.583626811636911,4.898857501251427,97.14830375345736,completed
500.0,70.0,conical,55.0,65.0,D12-5,4.0,219.93846843600954,337.39463585219886,176.3131414062495,12.91003705637694,1.7628538667667357,6.666809069303124,4.902819328370958,96.10582900819216,completed
500.0,70.0,conical,65.0,65.0,D12-5,4.0,222.3243505467515,339.66023214874735,170.03830594467985,12.74491795269409,2.1066713761300258,7.400385518245544,4.93214985505715,87.82276840380977,completed
500.0,40.0,ellipsoid,45.0,65.0,D12-5,4.0,219.37762844982734,302.75175835479865,185.4244641586608,12.7109096203462,1.3509272901190745,6.1198589407763,4.895899167642847,105.32432405195499,completed
500.0,40.0,ellipsoid,50.0,65.0,D12-5,4.0,220.57056950519834,303.9186741966298,181.89761488226466,12.869139502690754,1.6109360194629287,6.450445904329678,4.91060695930615,100.31818536889274,completed
500.0,40.0,ellipsoid,53.65384615384615,65.0,D12-5,4.0,221.44233412258484,304.7634694704666,179.36517511468352,12.808715494312379,1.7699280451434178,6.7076174193154525,4.921327255312534,96.77966570714278,completed
500.0,40.0,ellipsoid,55.0,65.0,D12-5,4.0,221.7635105605693,305.0730355671473,178.436507442342,12.78657396467256,1.8242883034109834,6.806096387487428,4.925270935018536,95.48753503888724,completed
500.0,40.0,ellipsoid,65.0,65.0,D12-5,4.0,224.14939267131132,307.3448966850866,171.89151059456836,12.62409730409927,2.167172590808852,7.469363495424032,4.954468536178421,87.03811300482681,completed
500.0,50.0,ellipsoid,45.0,65.0,D12-5,4.0,220.63667689918347,310.97839770005385,183.98774822856163,12.865221886303416,1.3359210230826746,6.118178557868569,4.911420751250645,103.96801153538816,completed
500.0,50.0,ellipsoid,50.0,65.0,D12-5,4.0,221.8296179545545,312.14822708947986,180.47126824911462,12.78272154438194,1.5867689708784107,6.489980752022939,4.9260822176725085,98.78771702259917,completed
500.0,50.0,ellipsoid,53.65384615384615,65.0,D12-5,4.0,222.701382571941,312.99517670542207,177.95238764937406,12.72298943937835,1.7481047902031488,6.761369504768296,4.936768914089265,95.218694493662,completed
500.0,50.0,ellipsoid,55.0,65.0,D12-5,4.0,223.0225590099255,313.30554171347006,177.0455206066612,12.701100767044473,1.8033027899940843,6.858304407379385,4.94070027309594,93.97887017180561,completed
500.0,50.0,ellipsoid,65.0,65.0,D12-5,4.0,225.40844112066748,315.5834214558314,170.60070573249595,12.77722071294164,2.165891702163894,7.518732216252019,4.969807352403818,85.77753325941528,completed
500.0,60.0,ellipsoid,45.0,65.0,D12-5,4.0,221.8957232488103,319.1826083310759,182.41197518081447,12.778836178594158,1.3083975270899662,6.141352655307724,4.926893435925448,102.37598294301418,completed
500.0,60.0,ellipsoid,50.0,65.0,D12-5,4.0,223.08866430418132,320.35543832765813,178.9278312139366,12.697279632028602,1.5625720191518189,6.539012206638311,4.941509016586159,97.16455570615753,completed
500.0,60.0,ellipsoid,53.65384615384615,65.0,D12-5,4.0,223.96042892156783,321.20460503609803,176.4554645420088,12.638227716141564,1.7262397481853355,6.812239704221038,4.952162345801248,93.67943241882766,completed
500.0,60.0,ellipsoid,55.0,65.0,D12-5,4.0,224.28160535955226,321.51579189264334,175.5454759279674,12.616587631603625,1.7822720417612214,6.919945612636823,4.956081496192109,92.38954064391534,completed
500.0,60.0,ellipsoid,65.0,65.0,D12-5,4.0,226.66748747029428,323.7998576827758,169.17007486463282,12.693113655830226,2.150942898969089,7.609751272563025,4.985098886049233,84.19197526525826,completed
500.0,70.0,ellipsoid,45.0,65.0,D12-5,4.0,223.15478086455806,327.3647536212933,180.8040214370565,12.693429269558301,1.2808650907534413,6.166018105117259,4.942317753739596,100.80014596871092,completed
500.0,70.0,ellipsoid,50.0,65.0,D12-5,4.0,224.34772191992909,328.5406678166851,177.35991287897355,12.612800473674168,1.5383424275247237,6.588877519874954,4.956887961236212,95.56594015742283,completed
500.0,70.0,ellipsoid,53.65384615384615,65.0,D12-5,4.0,225.2194865373156,329.39211187206644,174.95563588874003,12.791450784495051,1.7186104489577585,6.844054206434681,4.967508326476008,92.32932661394636,completed
500.0,70.0,ellipsoid,55.0,65.0,D12-5,4.0,225.54066297530005,329.704142602679,174.06779037972612,12.76968578231434,1.7755648132256907,6.95048397760382,4.971415382733353,91.08317767712354,completed
500.0,70.0,ellipsoid,65.0,65.0,D12-5,4.0,227.92654508604207,331.9945552235565,167.72559082998478,12.609938844428829,2.135932885714095,7.6999419303289525,5.000343816076823,82.64784899246412,completed
500.0,40.0,ogive,45.0,65.0,D12-5,4.0,218.3213667099249,304.1858221934024,186.89873476376712,12.783653388060458,1.350651925619176,6.07023884194977,4.882839512462672,107.00452745565855,completed
500.0,40.0,ogive,50.0,65.0,D12-5,4.0,219.5143077652959,305.35055965753895,183.29391879974574,12.700784891195157,1.5958614372102202,6.411396667648913,4.897586513978726,101.75610475855605,completed
500.0,40.0,ogive,53.65384615384615,65.0,D12-5,4.0,220.3860723826824,306.19373984675934,180.7523569480064,12.881270250911422,1.7669105252644786,6.6365716789853,4.908335236129921,98.37014364385053,completed
500.0,40.0,ogive,55.0,65.0,D12-5,4.0,220.70724882066688,306.50270611574246,179.8144225726137,12.858913972006983,1.8208784510488203,6.73030224757378,4.912289342000145,97.07866769179532,completed
500.0,40.0,ogive,65.0,65.0,D12-5,4.0,223.0931309314089,308.7700339457015,173.18393711421177,12.694871145958007,2.1610481942619244,7.374165604294902,4.941563633601012,88.56817420662367,completed
500.0,50.0,ogive,45.0,65.0,D12-5,4.0,219.2691948304798,312.86003830531183,185.68917268010475,12.718253773737588,1.3267232709194028,6.080697859181977,4.8945600624496945,105.77733683486291,completed
500.0,50.0,ogive,50.0,65.0,D12-5,4.0,220.4621358858508,314.02694217823864,182.1543990408793,12.876522779027422,1.5879983561472333,6.409037143023378,4.909271961594863,100.760614532937,completed
500.0,50.0,ogive,53.65384615384615,65.0,D12-5,4.0,221.33390050323732,314.871724891928,179.60676972378656,12.816040602339545,1.7477658090424366,6.668693999216543,4.919995084053648,97.18492149304403,completed
500.0,50.0,ogive,55.0,65.0,D12-5,4.0,221.6550769412218,315.18128556703925,178.6729967581502,12.7938778121915,1.8024010247443978,6.768269314459759,4.923939830481563,95.8792021785445,completed
500.0,50.0,ogive,65.0,65.0,D12-5,4.0,224.04095905196377,317.4530934553611,172.1060657955854,12.631246043457564,2.147148403466776,7.431975967929233,4.953145366582233,87.39846618335194,completed
500.0,60.0,ogive,45.0,65.0,D12-5,4.0,220.22953368653623,321.5022241817969,184.4939538569076,12.893272945212656,1.3152381216530014,6.064481226915723,4.906406877342704,104.76730363909185,completed
500.0,60.0,ogive,50.0,65.0,D12-5,4.0,221.42247474190725,322.67138242878224,180.96156355709488,12.810466622997364,1.5665664265520172,6.435395136916052,4.921083283063725,99.55283673920917,completed
500.0,60.0,ogive,53.65384615384615,65.0,D12-5,4.0,222.29423935929373,323.5178316335265,178.43242971000694,12.750513993694454,1.7282256804148202,6.706128263942522,4.931780726401295,95.96483692569137,completed
500.0,60.0,ogive,55.0,65.0,D12-5,4.0,222.6154157972782,323.8280102149454,177.52107910400966,12.728544725488899,1.7835372125167532,6.802801253181713,4.9357160559077595,94.7154428676112,completed
500.0,60.0,ogive,65.0,65.0,D12-5,4.0,225.00129790802023,326.1044716322668,171.0535855140203,12.804531080239036,2.146969152796422,7.458699117808507,4.964852345584339,86.49744242945943,completed
500.0,70.0,ogive,45.0,65.0,D12-5,4.0,221.1995754025547,330.1163292134976,183.25004165147334,12.826394872313536,1.2908706474961975,6.0764117339721935,4.918344342958621,103.54696582398076,completed
500.0,70.0,ogive,50.0,65.0,D12-5,4.0,222.39251645792572,331.2878218858594,179.74548726324986,12.744321100334423,1.5449149469983365,6.468107045549076,4.93298523977765,98.30884954685098,completed
500.0,70.0,ogive,53.65384615384615,65.0,D12-5,4.0,223.2642810753122,332.1359957197578,177.25738119184794,12.684896397561143,1.7084777882343658,6.740314277463674,4.943656927972178,94.79482487319517,completed
500.0,70.0,ogive,55.0,65.0,D12-5,4.0,223.5854575132967,332.4468135510403,176.34467264181833,12.66312006590014,1.7644703224706157,6.843969862795729,4.947582902631916,93.51568224132485,completed
500.0,70.0,ogive,65.0,65.0,D12-5,4.0,225.97133962403868,334.72808579912447,169.93543714280173,12.73942470961733,2.1328771611377983,7.525045120009203,4.9766497434268055,85.28795694128061,completed
530.0,40.0,conical,45.0,65.0,D12-5,4.0,217.1635441493899,321.3496394047738,174.89190165772976,12.85841871790049,1.477730017172282,6.132494806713943,4.868483946660167,100.96413006549784,completed
530.0,40.0,conical,50.0,65.0,D12-5,4.0,218.35648520476093,322.5906803903757,171.8701266446888,12.77476756282511,1.7318813768792891,6.6150644360931405,4.8832743210825305,96.26881208331308,completed
530.0,40.0,conical,53.65384615384615,65.0,D12-5,4.0,219.22824982214743,323.48905357740875,169.7004651832403,12.714210631096082,1.8954034938018391,6.953838932668749,4.894054340659077,93.02078194032185,completed
530.0,40.0,conical,55.0,65.0,D12-5,4.0,219.5494262601319,323.81823476598396,168.90622131702122,12.692024620021181,1.951281051075587,7.076247692459192,4.898020041804013,91.84333984262173,completed
530.0,40.0,conical,65.0,65.0,D12-5,4.0,221.9353083708739,326.23375360183894,163.29498865428172,12.767611434782287,2.319486287037034,7.88035769018467,4.927379065099993,84.24982694168256,completed
530.0,50.0,conical,45.0,65.0,D12-5,4.0,217.79322487468238,330.44362417748647,177.95037174518762,12.816235739506865,1.4574007992689375,5.977033054947294,4.876296491321247,102.553658100556,completed
530.0,50.0,conical,50.0,65.0,D12-5,4.0,218.9861659300534,331.6860322045735,174.7822417179663,12.733039511920282,1.7134983332291682,6.437425023197828,4.891063171886145,97.69978538771866,completed
530.0,50.0,conical,53.65384615384615,65.0,D12-5,4.0,219.8579305474399,332.58541946464464,172.5476446452644,12.913703054509568,1.8928027668987695,6.733820647285661,4.90182616816654,94.59460209168442,completed
530.0,50.0,conical,55.0,65.0,D12-5,4.0,220.1791069854244,332.914977378047,171.72875905839425,12.891260910466528,1.949460732598168,6.846908714626376,4.905785509637092,93.43455402778677,completed
530.0,50.0,conical,65.0,65.0,D12-5,4.0,222.56498909616636,335.3333450896094,165.83336222698335,12.726581624024362,2.3065776831653224,7.652639720361382,4.935098369624805,85.41862909838136,completed
530.0,60.0,conical,45.0,65.0,D12-5,4.0,218.42290559997505,339.5284149415167,179.62579871549832,12.773607045080798,1.4369319950379986,5.926768399945887,4.884096484102122,103.2907545584994,completed
530.0,60.0,conical,50.0,65.0,D12-5,4.0,219.61584665534602,340.7722321122921,176.36970127986385,12.690881943879404,1.6949043547706504,6.370833571012428,4.898839663315891,98.34346461459043,completed
530.0,60.0,conical,53.65384615384615,65.0,D12-5,4.0,220.48761127273255,341.67266383814655,174.08074746736415,12.871206805779586,1.8759981437944513,6.651463346807877,4.909585633018358,95.21556213842335,completed
530.0,60.0,conical,55.0,65.0,D12-5,4.0,220.808787710717,342.0026095954196,173.23982265704637,12.848887579611162,1.9330284045444552,6.762356637631703,4.913538725762459,94.02846296496179,completed
530.0,60.0,conical,65.0,65.0,D12-5,4.0,223.19466982145903,344.4239074953993,167.19905673847956,12.685114060901833,2.2935430870212463,7.546124137869491,4.9428056418236785,85.90999282013593,completed
530.0,70.0,conical,45.0,65.0,D12-5,4.0,219.05258632526755,348.6040909831692,180.47230277328492,12.730839330297206,1.416337437357877,5.91282838878212,4.8918840206658905,103.53928031069704,completed
530.0,70.0,conical,50.0,65.0,D12-5,4.0,220.24552738063855,349.84935860927953,177.19565797816412,12.889129850069398,1.6909626299135385,6.3223379333072955,4.906603920442624,98.73093105490139,completed
530.0,70.0,conical,53.65384615384615,65.0,D12-5,4.0,221.11729199802508,350.75086462453845,174.84462932307548,12.82856195247422,1.8589508176058964,6.619600812630577,4.917332833499142,95.37571706161431,completed
530.0,70.0,conical,55.0,65.0,D12-5,4.0,221.43846843600954,351.08120913684667,173.9834501477287,12.806367791948528,1.9164748941673235,6.731016686715429,4.921279705199485,94.15716089016269,completed
530.0,70.0,conical,65.0,65.0,D12-5,4.0,223.82435054675153,353.5055170232354,167.85132030233444,12.64350652075562,2.280396701100552,7.505312920245572,4.950500979473693,85.93719107897093,completed
530.0,40.0,ellipsoid,45.0,65.0,D12-5,4.0,220.87762844982734,316.180559180081,182.80173548919768,12.848313233842974,1.4954237799610302,6.100858871744027,4.914385641600563,103.17677148797175,completed
530.0,40.0,ellipsoid,50.0,65.0,D12-5,4.0,222.07056950519836,317.42861179798155,179.35288283495316,12.76600132355916,1.7555133997288574,6.478557386165927,4.929038295941897,98.11783196345864,completed
530.0,40.0,ellipsoid,53.65384615384615,65.0,D12-5,4.0,222.94233412258484,318.33220371122036,176.90606836151628,12.70640498438631,1.9230798019759752,6.738016210510149,4.939718509893376,94.74258835517324,completed
530.0,40.0,ellipsoid,55.0,65.0,D12-5,4.0,223.26351056056933,318.6633272323589,176.0063651636098,12.684565922676919,1.9804608948727638,6.840295401398355,4.943647521057963,93.49329714588595,completed
530.0,40.0,ellipsoid,65.0,65.0,D12-5,4.0,225.64939267131132,321.0935926670943,169.66801293842263,12.760764738352256,2.358391537509843,7.516379248038019,4.972737341399393,85.42157535549089,completed
530.0,50.0,ellipsoid,45.0,65.0,D12-5,4.0,222.13667689918347,324.3430602206106,181.36113371305385,12.762129280795445,1.4679730978398993,6.130542038522102,4.929849035561836,101.65406951042257,completed
530.0,50.0,ellipsoid,50.0,65.0,D12-5,4.0,223.3296179545545,325.59389200072155,177.9419903602146,12.680757736762624,1.731314398388483,6.52975193770412,4.944455884651277,96.5853706967234,completed
530.0,50.0,ellipsoid,53.65384615384615,65.0,D12-5,4.0,224.201382571941,326.4995435703263,175.51604004556916,12.62183912815821,1.9011726023692597,6.800761692731222,4.955102883644566,93.20755755705986,completed
530.0,50.0,ellipsoid,55.0,65.0,D12-5,4.0,224.5225590099255,326.83143185515286,174.67214557001375,12.838058452607223,1.9743587182782663,6.872307207030128,4.959019709623476,92.22813647757363,completed
530.0,50.0,ellipsoid,65.0,65.0,D12-5,4.0,226.90844112066748,329.2674743534281,168.3435552577263,12.676849759460438,2.343336298827312,7.607107260252,4.988020004554846,83.88558559090181,completed
530.0,60.0,ellipsoid,45.0,65.0,D12-5,4.0,223.39572324881033,332.48400623178475,179.8096357876265,12.676917544445708,1.4405156059512068,6.1655638251052896,4.945264001275466,100.0704414972527,completed
530.0,60.0,ellipsoid,50.0,65.0,D12-5,4.0,224.58866430418132,333.73770051897105,176.45434844928232,12.8342336201781,1.7219079270213493,6.56465090803708,4.959825550711254,95.1702273534086,completed
530.0,60.0,ellipsoid,53.65384615384615,65.0,D12-5,4.0,225.46042892156785,334.6454717720894,174.05942602305993,12.774968560898467,1.894385291848583,6.84554526074323,4.9704396400625965,91.82734378537646,completed
530.0,60.0,ellipsoid,55.0,65.0,D12-5,4.0,225.7816053595523,334.9781467527239,173.1953501820088,12.75325229305594,1.9535101855492336,6.945552530219456,4.974344393660059,90.64971099329914,completed
530.0,60.0,ellipsoid,65.0,65.0,D12-5,4.0,228.1674874702943,337.4201262465457,166.95525942123595,12.593860794252983,2.3282176163373878,7.694666603183128,5.0032558993195995,82.39679887726085,completed
530.0,70.0,ellipsoid,45.0,65.0,D12-5,4.0,224.6547808645581,340.60374268205516,178.26676810276186,12.830378953499759,1.4273477011446767,6.176217825541508,4.960631317680077,98.71206532346594,completed
530.0,70.0,ellipsoid,50.0,65.0,D12-5,4.0,225.84772191992909,341.86037952822613,174.90981995462727,12.749463082707694,1.697913641423164,6.629022385452833,4.975147894358772,93.56786017003151,completed
530.0,70.0,ellipsoid,53.65384615384615,65.0,D12-5,4.0,226.7194865373156,342.7703281226623,172.55720560453582,12.690872112544726,1.872707950169678,6.915428610770742,4.985729379902848,90.27969223830544,completed
530.0,70.0,ellipsoid,55.0,65.0,D12-5,4.0,227.04066297530008,343.1038108660458,171.69970555412505,12.66939949187346,1.9326515991733728,7.019819204945542,4.989622172709751,89.10035860874399,completed
530.0,70.0,ellipsoid,65.0,65.0,D12-5,4.0,229.42654508604207,345.55188098718315,165.5820779368917,12.746165685719053,2.328865610741611,7.756772757960591,5.018445697128058,81.1533459158057,completed
530.0,40.0,ogive,45.0,65.0,D12-5,4.0,219.8213667099249,317.66936397925053,184.23419850314485,12.921254632453044,1.494337253582849,6.04456107763509,4.901375228532483,104.79157634754951,completed
530.0,40.0,ogive,50.0,65.0,D12-5,4.0,221.0143077652959,318.91534530075717,180.7503904309795,12.838145027901204,1.7530422365783445,6.401341517816314,4.916066647594993,99.75448569840049,completed
530.0,40.0,ogive,53.65384615384615,65.0,D12-5,4.0,221.8860723826824,319.8173974503998,178.26166699626685,12.777973112587707,1.919549541643815,6.657485126303636,4.926774976690829,96.31328066023408,completed
530.0,40.0,ogive,55.0,65.0,D12-5,4.0,222.2072488206669,320.1479482803729,177.355312462391,12.755923699610268,1.9765483719766974,6.755482631401208,4.930714299178962,95.07083895340644,completed
530.0,40.0,ogive,65.0,65.0,D12-5,4.0,224.5931309314089,322.5738719331529,170.93823421376482,12.8317802174644,2.3517120363857926,7.412648501464325,4.9598799543638785,86.95116422192346,completed
530.0,50.0,ogive,45.0,65.0,D12-5,4.0,220.7691948304798,326.29469915808664,183.05152976642233,12.855675047528505,1.4707072952957105,6.060732597847666,4.913051587606704,103.60550516619175,completed
530.0,50.0,ogive,50.0,65.0,D12-5,4.0,221.9621358858508,327.5427480302883,179.5920112184227,12.773284051848108,1.7319119637105913,6.438258866557593,4.927708201462035,98.52918397596795,completed
530.0,50.0,ogive,53.65384615384615,65.0,D12-5,4.0,222.83390050323732,328.4463331214623,177.13209987409834,12.71363070255275,1.900248376593187,6.700178726976656,4.93839137755532,95.12200801265655,completed
530.0,50.0,ogive,55.0,65.0,D12-5,4.0,223.1550769412218,328.7774532783234,176.22736376957613,12.691770802588596,1.9579030780465707,6.8035292504254405,4.942321446158249,93.85841833515023,completed
530.0,50.0,ogive,65.0,65.0,D12-5,4.0,225.54095905196377,331.2076798340259,169.86051823872276,12.767934682060192,2.3378379090534933,7.485453621291005,4.9714190331169155,85.72322425943679,completed
530.0,60.0,ogive,45.0,65.0,D12-5,4.0,221.72953368653626,334.88788341774205,181.85301166819318,12.789797650483505,1.4465323393891878,6.075184245695026,4.924853839277969,102.4300129473689,completed
530.0,60.0,ogive,50.0,65.0,D12-5,4.0,222.92247474190725,336.1380841520576,178.4193597440447,12.70812635329855,1.7103636590074742,6.47335675125333,4.939475527460539,97.33368989303989,completed
530.0,60.0,ogive,53.65384615384615,65.0,D12-5,4.0,223.79423935929373,337.04326351302427,175.98301154584848,12.648991687859965,1.8805517202002417,6.743927414767742,4.950133247321455,93.93676924782439,completed
530.0,60.0,ogive,55.0,65.0,D12-5,4.0,224.11541579727822,337.3749755316541,175.0979349454835,12.627321350653776,1.9388707848505924,6.844380173426387,4.954054002737053,92.72068763081197,completed
530.0,60.0,ogive,65.0,65.0,D12-5,4.0,226.50129790802023,339.8096714020377,168.79319761664675,12.703795412148406,2.323690742887771,7.543579592668559,4.983083098820446,84.61601800269945,completed
530.0,70.0,ogive,45.0,65.0,D12-5,4.0,222.69957540255473,343.45301751906203,180.62737271750646,12.723830471985663,1.4221300932747618,6.097542673245094,4.936746699815023,101.20723618344077,completed
530.0,70.0,ogive,50.0,65.0,D12-5,4.0,223.89251645792572,344.7054468386904,177.2171042556081,12.642876692683412,1.6885994316343502,6.5183870373702275,4.951333296835216,96.06908085986863,completed
530.0,70.0,ogive,53.65384615384615,65.0,D12-5,4.0,224.76428107531223,345.6122761983886,174.85014911936167,12.821793316994988,1.8759018193993044,6.765876171828952,4.961965539912807,92.9464126813013,completed
530.0,70.0,ogive,55.0,65.0,D12-5,4.0,225.0854575132967,345.94460053961933,173.97378430682903,12.799938790191153,1.9349508095946724,6.86824978039074,4.965876954651185,91.73547908960627,completed
530.0,70.0,ogive,65.0,65.0,D12-5,4.0,227.4713396240387,348.3839165504866,167.70182014067638,12.639556390709805,2.309381102500539,7.609501802530753,4.994837457252298,83.46331472573229,completed
560.0,40.0,conical,45.0,65.0,D12-5,4.0,218.66354414938994,334.99263082908004,172.6487977142013,12.753884706206787,1.601332289971716,6.248034714512794,4.887074039753384,98.91626208036708,completed
560.0,40.0,conical,50.0,65.0,D12-5,4.0,219.85648520476093,336.31395775929764,169.72401649199625,12.912217238533884,1.8828975726641293,6.721469594764647,4.901808338715291,94.45631178597836,completed
560.0,40.0,conical,53.65384615384615,65.0,D12-5,4.0,220.72824982214743,337.2705106813967,167.63147469330286,12.851486391132303,2.055400471627285,7.044689772694294,4.912547780718684,91.40812783994728,completed
560.0,40.0,conical,55.0,65.0,D12-5,4.0,221.0494262601319,337.6210230361891,166.86799123937328,12.82923220043386,2.114452357925203,7.164269275105236,4.916498491306464,90.30850421819042,completed
560.0,40.0,conical,65.0,65.0,D12-5,4.0,223.4353083708739,340.19328236087546,161.34304474843017,12.66593216435791,2.4882779103312305,8.008826904887249,4.945747942584049,82.5725539667332,completed
560.0,50.0,conical,45.0,65.0,D12-5,4.0,219.2932248746824,344.05363826791296,175.5971731754776,12.712266691648596,1.5808682907201483,6.0643281073970385,4.894856930614739,100.44534915816824,completed
560.0,50.0,conical,50.0,65.0,D12-5,4.0,220.4861659300534,345.3762720768451,172.5432086838107,12.870410213807649,1.864668722066437,6.514421101585867,4.909567814755707,95.8865240534561,completed
560.0,50.0,conical,53.65384615384615,65.0,D12-5,4.0,221.35793054743993,346.3337968108053,170.35072404464182,12.81000444047845,2.0383994008419064,6.831560541467201,4.920290341749406,92.72051653848581,completed
560.0,50.0,conical,55.0,65.0,D12-5,4.0,221.6791069854244,346.6846706771163,169.54951751963154,12.787869494525415,2.097935458126174,6.948343423189711,4.9242348417882065,91.57711433113023,completed
560.0,50.0,conical,65.0,65.0,D12-5,4.0,224.0649890961664,349.2596717252111,163.79760698765546,12.62543955303137,2.4751167013401045,7.767965653585275,4.953438646937995,83.70991765039084,completed
560.0,60.0,conical,45.0,65.0,D12-5,4.0,219.92290559997505,353.1057032471042,177.23247130774607,12.911120669827765,1.5748885896661762,5.970429266177476,4.902627420448499,101.32029968504484,completed
560.0,60.0,conical,50.0,65.0,D12-5,4.0,221.11584665534602,354.42968473686784,174.06504055273362,12.828148800079736,1.846181754421539,6.432112422623115,4.917315062429313,96.48709517754206,completed
560.0,60.0,conical,53.65384615384615,65.0,D12-5,4.0,221.98761127273255,355.38821072706935,171.81904042484246,12.768075864356685,2.021261357980862,6.739443540898275,4.928020751242329,93.28296775675598,completed
560.0,60.0,conical,55.0,65.0,D12-5,4.0,222.308787710717,355.7394568749279,171.00223284526857,12.746062570081593,2.0812822535183084,6.85033625620011,4.931959072380192,92.14399566783898,completed
560.0,60.0,conical,65.0,65.0,D12-5,4.0,224.69466982145903,358.3172783734341,165.14802858189947,12.82192994456837,2.478066076198779,7.626385316392094,4.961117440181672,84.40568782216306,completed
560.0,70.0,conical,45.0,65.0,D12-5,4.0,220.55258632526755,362.14890235919734,178.03526838731472,12.868249658293985,1.5544808460386152,5.945510108241972,4.910385594786742,101.53407664162843,completed
560.0,70.0,conical,50.0,65.0,D12-5,4.0,221.74552738063855,363.4742715722665,174.81003388065733,12.785741890570177,1.8275724349557148,6.405186395719023,4.925050201542001,96.59859960143854,completed
560.0,70.0,conical,53.65384615384615,65.0,D12-5,4.0,222.61729199802508,364.4338277162763,172.54207129968077,12.726004182366252,2.004002220420337,6.700992797063972,4.935739033484561,93.41147968524669,completed
560.0,70.0,conical,55.0,65.0,D12-5,4.0,222.93846843600954,364.7854567159925,171.70501116891302,12.704113409790194,2.0645086328123656,6.8139759348501485,4.939671202078184,92.2278110575287,completed
560.0,70.0,conical,65.0,65.0,D12-5,4.0,225.32435054675153,367.36617593682826,165.77318191404015,12.78019193171698,2.464851897574633,7.5773618986972995,4.96878435245315,84.43601838832896,completed
560.0,40.0,ellipsoid,45.0,65.0,D12-5,4.0,222.37762844982737,329.6305563710097,180.23434211146036,12.745455813435413,1.62243154383505,6.112269910093819,4.9328027694741134,100.96289363549941,completed
560.0,40.0,ellipsoid,50.0,65.0,D12-5,4.0,223.57056950519836,330.95854392368324,176.86798161992493,12.664268682688096,1.894787361587994,6.524007852461062,4.947400975512313,95.96910997907841,completed
560.0,40.0,ellipsoid,53.65384615384615,65.0,D12-5,4.0,224.44233412258487,331.9200689118017,174.5058609804883,12.605482958881371,2.07075561363338,6.790268070078728,4.958041651235591,92.74386456508304,completed
560.0,40.0,ellipsoid,55.0,65.0,D12-5,4.0,224.76351056056933,332.27243478540663,173.6757092380692,12.821458492578014,2.146989609370836,6.862109084416879,4.961956156076404,91.78916783443107,completed
560.0,40.0,ellipsoid,65.0,65.0,D12-5,4.0,227.14939267131135,334.85881483043954,167.4638386718839,12.66061739007169,2.5302604143356313,7.598496915135192,4.990939389814832,83.64497034745376,completed
560.0,50.0,ellipsoid,45.0,65.0,D12-5,4.0,223.6366768991835,337.72966016443104,178.81959326285363,12.660441571484883,1.5950944062319043,6.150259547645964,4.948208638426762,99.4830206111449,completed
560.0,50.0,ellipsoid,50.0,65.0,D12-5,4.0,224.8296179545545,339.06029708538296,175.51153077403336,12.817646778338542,1.886272233306982,6.560005460306237,4.962761543695255,94.64483792524595,completed
560.0,50.0,ellipsoid,53.65384615384615,65.0,D12-5,4.0,225.70138257194102,340.0237902399273,173.1694285941174,12.75852156800624,2.064855849354941,6.835663843607269,4.97336936362347,91.42505425871022,completed
560.0,50.0,ellipsoid,55.0,65.0,D12-5,4.0,226.0225590099255,340.37688787377414,172.31330105238771,12.736853861867159,2.1261274680441957,6.938049382633382,4.977271818537722,90.26060747421583,completed
560.0,50.0,ellipsoid,65.0,65.0,D12-5,4.0,228.4084411206675,342.9688113815405,166.1745710591544,12.577816552174982,2.515071943081983,7.685484097639845,5.006166422510952,82.19989920712698,completed
560.0,60.0,ellipsoid,45.0,65.0,D12-5,4.0,224.89572324881033,345.80806266162983,177.32957507090944,12.813803777528989,1.5827867681224603,6.172772952228059,4.96356669496299,98.12412411985198,completed
560.0,60.0,ellipsoid,50.0,65.0,D12-5,4.0,226.08866430418132,347.141428684445,174.021038791542,12.733074590436058,1.8623190028907524,6.630818352438271,4.978074714799722,93.0568532028635,completed
560.0,60.0,ellipsoid,53.65384615384615,65.0,D12-5,4.0,226.96042892156785,348.10694738608754,171.7023989563478,12.67461418002567,2.043179767526233,6.915882814481228,4.988649992922321,89.83341760635189,completed
560.0,60.0,ellipsoid,55.0,65.0,D12-5,4.0,227.28160535955232,348.460797735812,170.86014325684687,12.653189275297265,2.1052573432747317,7.020883067484142,4.992540508119834,88.68370652336321,completed
560.0,60.0,ellipsoid,65.0,65.0,D12-5,4.0,229.6674874702943,351.0584173626338,164.83279828209928,12.7300219833158,2.5166072125213654,7.756541085552291,5.0213472784736455,80.91496658851834,completed
560.0,70.0,ellipsoid,45.0,65.0,D12-5,4.0,226.1547808645581,353.8660919954612,175.7848916117602,12.729266280881019,1.5557127755776943,6.221965190493268,4.978877536942686,96.59753075283083,completed
560.0,70.0,ellipsoid,50.0,65.0,D12-5,4.0,227.34772191992909,355.20226372877573,172.5027740057035,12.649443180810014,1.8383702489702822,6.70613691062967,4.993341083898707,91.46794609995158,completed
560.0,70.0,ellipsoid,53.65384615384615,65.0,D12-5,4.0,228.2194865373156,356.16986311041796,170.21880818906286,12.59163596299244,2.021454813538513,6.997308894755252,5.003884112763055,88.27673767584,completed
560.0,70.0,ellipsoid,55.0,65.0,D12-5,4.0,228.54066297530008,356.52448631101186,169.38861621259662,12.570449817345276,2.084334052335093,7.104032142675358,5.007762796803372,87.14288339813992,completed
560.0,70.0,ellipsoid,65.0,65.0,D12-5,4.0,230.92654508604207,359.12794873955556,163.45376941348766,12.647664970695867,2.5016866436470404,7.849229647328566,5.036482533376247,79.48716745282813,completed
560.0,40.0,ogive,45.0,65.0,D12-5,4.0,221.32136670992492,331.17346127995995,181.63401157473646,12.817403599579125,1.6208226292366277,6.044638281324315,4.919841041855797,102.57028188858284,completed
560.0,40.0,ogive,50.0,65.0,D12-5,4.0,222.5143077652959,332.49948090449504,178.23666710472497,12.735434166114507,1.8917587612888875,6.43680631067993,4.9344775782536106,97.58754307818062,completed
560.0,40.0,ogive,53.65384615384615,65.0,D12-5,4.0,223.3860723826824,333.45953887062296,175.8317174150814,12.676084602502824,2.0667026099204238,6.7008357465860335,4.945146059133806,94.29601620373664,completed
560.0,40.0,ogive,55.0,65.0,D12-5,4.0,223.7072488206669,333.8113582671349,174.95637999331285,12.654335719921361,2.1266813371546553,6.797531175532816,4.949070763132427,93.1156600610794,completed
560.0,40.0,ogive,65.0,65.0,D12-5,4.0,226.0931309314089,336.39358163693146,168.70717606937512,12.730678160274948,2.5230741281135223,7.4908300078059,4.978128901883706,85.14732328019619,completed
560.0,50.0,ogive,45.0,65.0,D12-5,4.0,222.26919483047982,339.75048762346347,180.46842868605984,12.752717653238829,1.597090677211336,6.071762292924517,4.931473774752259,101.3699712048327,completed
560.0,50.0,ogive,50.0,65.0,D12-5,4.0,223.4621358858508,341.0784793270948,177.0932298467197,12.67145301112348,1.8705481832784374,6.485219149767201,4.946075821514704,96.35398006191673,completed
560.0,50.0,ogive,53.65384615384615,65.0,D12-5,4.0,224.33390050323734,342.0400030055296,174.7142157392607,12.612611406952542,2.0472800809553937,6.754940568651622,4.95671933207972,93.08647306508576,completed
560.0,50.0,ogive,55.0,65.0,D12-5,4.0,224.6550769412218,342.39236749168305,173.89157722895166,12.82868766631277,2.123930162951711,6.8220365651166865,4.9606348777053535,92.16766244052701,completed
560.0,50.0,ogive,65.0,65.0,D12-5,4.0,227.0409590519638,344.97872245424105,167.65999153403604,12.667691879884112,2.509058392788458,7.559541137208945,4.989625798785868,83.99604482247499,completed
560.0,60.0,ogive,45.0,65.0,D12-5,4.0,223.22953368653626,348.2952379115329,179.29779916303477,12.687735172686724,1.5729158687691323,6.093023346966868,4.943232070142157,100.23822722224298,completed
560.0,60.0,ogive,50.0,65.0,D12-5,4.0,224.42247474190725,349.6252824625638,175.94555829734765,12.607175503100644,1.8489214864675658,6.526922092026109,4.957799487334705,95.1795680221401,completed
560.0,60.0,ogive,53.65384615384615,65.0,D12-5,4.0,225.29423935929375,350.5883306232052,173.62454062493543,12.78576299435151,2.0436071633114916,6.777484212776788,4.968417991971138,92.13273995912927,completed
560.0,60.0,ogive,55.0,65.0,D12-5,4.0,225.61541579727822,350.9412617978399,172.768099035225,12.764016568673801,2.10499598958692,6.878197417490588,4.972324331221862,90.97999314261311,completed
560.0,60.0,ogive,65.0,65.0,D12-5,4.0,228.00129790802023,353.53190791996,166.60497699838237,12.604404901463273,2.494720952823966,7.62550727145503,5.001247411162405,82.8802765891292,completed
560.0,70.0,ogive,45.0,65.0,D12-5,4.0,224.19957540255473,356.8119624906989,178.10241740755052,12.622660328913566,1.5485193317156625,6.122359353180447,4.955080846121325,99.06108817201226,completed
560.0,70.0,ogive,50.0,65.0,D12-5,4.0,225.39251645792572,358.14413338316655,174.8046279007894,12.779635485303183,1.8430739275576742,6.55156400441255,4.969613632840738,94.16151972735231,completed
560.0,70.0,ogive,53.65384615384615,65.0,D12-5,4.0,226.26428107531223,359.1087594175599,172.47345093541358,12.720810947651577,2.0238608847037276,6.835123957568985,4.980206867390577,90.91933532782168,completed
560.0,70.0,ogive,55.0,65.0,D12-5,4.0,226.5854575132967,359.4622768851049,171.62302078991866,12.699252946029649,2.0859086188473888,6.940375549660801,4.984103970556425,89.75352390440707,completed
560.0,70.0,ogive,65.0,65.0,D12-5,4.0,228.9713396240387,362.057358710126,165.52476604298107,12.541015969249008,2.4802200973827815,7.6988044994412554,5.0129592047924465,81.71826099535356,completed
500.0,40.0,conical,45.0,65.0,E12-6,4.0,231.96354414938992,318.56483120439447,313.5938792492003,13.076793153696117,1.0862829698310081,6.862651281206921,4.868483927684717,185.4363225602273,completed
500.0,40.0,conical,50.0,65.0,E12-6,4.0,233.15648520476094,319.5878489762312,307.868969029053,12.997521840092855,1.3316636523542351,7.46164302752455,4.883274289189079,176.6365838929837,completed
500.0,40.0,conical,53.65384615384615,65.0,E12-6,4.0,234.02824982214742,320.3288433017857,303.879301377156,13.188213310607798,1.5023208116656213,7.823640694525152,4.894054393445096,171.2561919005397,completed
500.0,40.0,conical,55.0,65.0,E12-6,4.0,234.34942626013188,320.60045153246574,302.41378439387154,13.166785776678749,1.5563124968397513,7.962428060594359,4.8980199833684805,169.25561458149565,completed
500.0,40.0,conical,65.0,65.0,E12-6,4.0,236.73530837087392,322.5950408021923,291.9477840356304,13.009442604477803,1.8968861549257887,8.928491743940876,4.927379104484903,155.76317422908576,completed
500.0,50.0,conical,45.0,65.0,E12-6,4.0,232.5932248746824,327.7240051734797,322.1182545146846,13.036834431027968,1.0656278804881298,6.734443323528819,4.8762964298207425,190.2776182389489,completed
500.0,50.0,conical,50.0,65.0,E12-6,4.0,233.78616593005341,328.7485580289633,316.0392531117143,13.2064618966329,1.3259495090067808,7.224521207768707,4.89106320972954,181.4256072571887,completed
500.0,50.0,conical,53.65384615384615,65.0,E12-6,4.0,234.65793054743992,329.49068197458445,311.72163097595586,13.148300580294661,1.4853002413237755,7.561370744029945,4.901826129929892,175.52917099483713,completed
500.0,50.0,conical,55.0,65.0,E12-6,4.0,234.9791069854244,329.7627079922034,310.14627534525727,13.12698150924486,1.5397928473362543,7.687174043766992,4.905785532562482,173.4098618995607,completed
500.0,50.0,conical,65.0,65.0,E12-6,4.0,237.36498909616637,331.76042663206545,299.0090272076349,12.970430508950905,1.8837884475497604,8.548328520403624,4.935098358337081,159.52030042537936,completed
500.0,60.0,conical,45.0,65.0,E12-6,4.0,233.22290559997504,336.874216562984,327.3281306929472,12.99643751195879,1.0448269856312804,6.790898775224229,4.884096456257359,193.06217339518042,completed
500.0,60.0,conical,50.0,65.0,E12-6,4.0,234.41584665534603,337.9003418656462,320.98281733811893,13.165795107840049,1.307380795259816,7.213838124299817,4.898839745163685,183.94436206754216,completed
500.0,60.0,conical,53.65384615384615,65.0,E12-6,4.0,235.28761127273253,338.6436224539536,316.4798534748312,13.107936561236114,1.4681397905202234,7.509089501976088,4.909585646574166,177.88122879822072,completed
500.0,60.0,conical,55.0,65.0,E12-6,4.0,235.608787710717,338.91607615519405,314.8503256419697,13.086728200024233,1.5231346248248627,7.616426068721314,4.91353872568257,175.75730186094162,completed
500.0,60.0,conical,65.0,65.0,E12-6,4.0,237.994669821459,340.91699671059797,303.2528049707811,12.930991740340207,1.8705260745825856,8.397046754129697,4.9428057077078105,161.4800272051988,completed
500.0,70.0,conical,45.0,65.0,E12-6,4.0,233.85258632526754,346.015537771897,330.521208836219,13.204419103980731,1.0365951847754848,6.862084300720641,4.891884022303323,194.79252291446542,completed
500.0,70.0,conical,50.0,65.0,E12-6,4.0,235.04552738063856,347.04327221753124,323.96294624031657,13.124970566693182,1.288681805359535,7.259612555249087,4.906603939918483,185.25881852098965,completed
500.0,70.0,conical,53.65384615384615,65.0,E12-6,4.0,235.91729199802506,347.7877359897059,319.3405823118592,13.06741711167211,1.4508520360024184,7.52547409169125,4.9173328882486995,179.0773482259974,completed
500.0,70.0,conical,55.0,65.0,E12-6,4.0,236.23846843600955,348.0606270952452,317.67246688920136,13.046320283491461,1.5063503804294132,7.620420310572759,4.921279751930777,176.93937707801337,completed
500.0,70.0,conical,65.0,65.0,E12-6,4.0,238.62435054675151,350.0648208266703,305.79135495608955,12.891416985012576,1.8573118574026346,8.336978845004829,4.950500930570354,162.4548642234376,completed
500.0,40.0,ellipsoid,45.0,65.0,E12-6,4.0,235.67762844982735,313.7642433152425,338.8535976940163,13.086203430035482,1.0975931485890966,7.557506366279538,4.9143856169361095,196.60424581123303,completed
500.0,40.0,ellipsoid,50.0,65.0,E12-6,4.0,236.87056950519835,314.7953973622673,331.8720830668015,13.00795618533752,1.3490881030216133,7.785892941630863,4.929038294971289,186.84044796253625,completed
500.0,40.0,ellipsoid,53.65384615384615,65.0,E12-6,4.0,237.74233412258485,315.54238882906117,326.94278638053987,12.951269400137452,1.5108786036544162,7.941097480927926,4.9397185729106505,180.51635404719988,completed
500.0,40.0,ellipsoid,55.0,65.0,E12-6,4.0,238.0635105605693,315.81621714181705,325.15952438246643,12.930497569737378,1.5662137981285846,8.000902258447704,4.943647581071413,178.2970069319688,completed
500.0,40.0,ellipsoid,65.0,65.0,E12-6,4.0,240.44939267131133,317.82746915503907,312.5857195165462,13.021261472075766,1.9299647129269641,8.443716713237945,4.972737350277598,163.85955418073686,completed
500.0,50.0,ellipsoid,45.0,65.0,E12-6,4.0,236.93667689918348,322.0543617586101,337.5750685364453,13.004279440978356,1.069072232402453,7.5686533606111395,4.9298489625685065,194.78125651458797,completed
500.0,50.0,ellipsoid,50.0,65.0,E12-6,4.0,238.1296179545545,323.08862971902033,330.5786550758634,12.926881478261883,1.323914547563728,7.817331670321344,4.94445582435322,184.89204398235512,completed
500.0,50.0,ellipsoid,53.65384615384615,65.0,E12-6,4.0,239.001382571941,323.83791155412774,325.7248871463762,13.115821717621813,1.5017907898546843,7.946039059144958,4.955102910215272,178.93255091537338,completed
500.0,50.0,ellipsoid,55.0,65.0,E12-6,4.0,239.3225590099255,324.11258673576225,323.9446785279668,13.09490337996623,1.5580864246576296,8.008233290148008,4.959019727712018,176.7098022097399,completed
500.0,50.0,ellipsoid,65.0,65.0,E12-6,4.0,241.70844112066746,326.13017860858344,311.33894374049504,12.94126401304706,1.9141377856066244,8.495843961851097,4.988019974957092,161.93114377197242,completed
500.0,60.0,ellipsoid,45.0,65.0,E12-6,4.0,238.1957232488103,330.3229153357975,335.75164012587504,12.92323441232233,1.040507668815009,7.555852198849253,4.945263985112876,192.64304358712494,completed
500.0,60.0,ellipsoid,50.0,65.0,E12-6,4.0,239.38866430418133,331.36037192765383,328.8495673984398,13.091268608795842,1.3124546229054712,7.7972485451948526,4.959825536606028,183.05920304037966,completed
500.0,60.0,ellipsoid,53.65384615384615,65.0,E12-6,4.0,240.2604289215678,332.11199810816777,323.962102817239,13.034812203205071,1.479283986696645,7.970328957910059,4.97043965584955,176.74396391118526,completed
500.0,60.0,ellipsoid,55.0,65.0,E12-6,4.0,240.58160535955227,332.38753991444634,322.19568696677277,13.014115636533276,1.5364222583774465,8.035637719141363,4.974344399340425,174.535191302154,completed
500.0,60.0,ellipsoid,65.0,65.0,E12-6,4.0,242.9674874702943,334.4116162625569,309.6693709525005,12.862096015928266,1.8982492245384104,8.550266479545098,5.003255846338731,159.77561321261965,completed
500.0,70.0,ellipsoid,45.0,65.0,E12-6,4.0,239.45478086455807,338.57022843488915,333.74786522351934,13.087604953544275,1.0252357560100456,7.510054185181954,4.960631358007329,190.66532368982226,completed
500.0,70.0,ellipsoid,50.0,65.0,E12-6,4.0,240.6477219199291,339.61094553772017,326.85119779819973,13.010510634125218,1.2875486381927268,7.799721756446429,4.975147826355088,180.80530899888853,completed
500.0,70.0,ellipsoid,53.65384615384615,65.0,E12-6,4.0,241.51948653731557,340.36496799428187,321.9904594703057,12.954651151182723,1.4567266606542078,7.993636547682335,4.985729396833368,174.43419487539518,completed
500.0,70.0,ellipsoid,55.0,65.0,E12-6,4.0,241.84066297530006,340.64139543284716,320.2342765346276,12.934172872862257,1.5147043975997108,8.06569006959823,4.989622179733815,172.20932647870444,completed
500.0,70.0,ellipsoid,65.0,65.0,E12-6,4.0,244.22654508604208,342.67209541042405,307.86041877676195,12.904179097564349,1.8895529237214612,8.59011599389544,5.018445629186654,157.72550132361897,completed
500.0,40.0,ogive,45.0,65.0,E12-6,4.0,234.6213667099249,315.1482555570588,341.8445741308552,13.155495446266785,1.0980531458115514,7.588922850332639,4.90137515535179,199.6548666259461,completed
500.0,40.0,ogive,50.0,65.0,E12-6,4.0,235.81430776529592,316.1770268968513,334.7300570019713,13.076536081956668,1.3479875461339161,7.779299851966053,4.9160666513327245,189.82111787638053,completed
500.0,40.0,ogive,53.65384615384615,65.0,E12-6,4.0,236.6860723826824,316.92226313896305,329.69624384032556,13.019335609420192,1.5086785615972036,7.913775856556282,4.926774979191687,183.4021695918192,completed
500.0,40.0,ogive,55.0,65.0,E12-6,4.0,237.00724882066686,317.19544189881947,327.8693138863481,12.998367899505016,1.563652552434816,7.968462522953351,4.930714294408461,181.12933536180478,completed
500.0,40.0,ogive,65.0,65.0,E12-6,4.0,239.3931309314089,319.2018221802628,315.0542814178999,13.088912348464541,1.9245074418659256,8.36273296252577,4.9598799990567715,166.56914917299864,completed
500.0,50.0,ogive,45.0,65.0,E12-6,4.0,235.5691948304798,323.87010003044463,340.28466254556906,13.093199045159455,1.0736256237840174,7.566631118193789,4.913051575149108,197.93610973605846,completed
500.0,50.0,ogive,50.0,65.0,E12-6,4.0,236.76213588585082,324.9011929652648,333.2094621262711,13.014881318703747,1.326252514173821,7.778108501712696,4.927708243591996,188.06896037834227,completed
500.0,50.0,ogive,53.65384615384615,65.0,E12-6,4.0,237.63390050323733,325.64813717501755,328.20764003242505,12.958143680885371,1.488821760591231,7.92452822152708,4.93839136651066,181.65956170084178,completed
500.0,50.0,ogive,55.0,65.0,E12-6,4.0,237.95507694122182,325.921947536141,326.40362475248503,12.937350293661465,1.5444325227221418,7.97957625657721,4.942321428499158,179.43230552654583,completed
500.0,50.0,ogive,65.0,65.0,E12-6,4.0,240.34095905196378,327.9330573641887,313.6653037095146,13.028094460600263,1.910198820134841,8.402096394717727,4.971418963442583,164.85342354408075,completed
500.0,60.0,ogive,45.0,65.0,E12-6,4.0,236.52953368653624,332.5611549845071,338.6774387800924,13.030586905788393,1.0487303972595423,7.537961524033235,4.92485388630596,196.2421776169041,completed
500.0,60.0,ogive,50.0,65.0,E12-6,4.0,237.72247474190723,333.59465112363347,331.62993486806175,12.952911474199157,1.3040822075439327,7.775748826056104,4.939475527137905,186.29409797509348,completed
500.0,60.0,ogive,53.65384615384615,65.0,E12-6,4.0,238.59423935929374,334.34336267446656,326.67499898861195,12.896660678123279,1.4686280715936835,7.930391001384572,4.950133209225218,179.9370179873586,completed
500.0,60.0,ogive,55.0,65.0,E12-6,4.0,238.9154157972782,334.61782645553365,324.93813828367433,13.12112190192229,1.5387550373089292,7.961168072320639,4.954053949834235,178.0308020879745,completed
500.0,60.0,ogive,65.0,65.0,E12-6,4.0,241.30129790802025,336.6338269835279,312.23437468497116,12.966958001260597,1.8955629474305666,8.439270424923318,4.983083099995472,163.14409635933762,completed
500.0,70.0,ogive,45.0,65.0,E12-6,4.0,237.4995754025547,341.22520732137656,337.01947965048646,12.967855561739627,1.023588100160352,7.510893222877806,4.936746729747049,194.48999847840605,completed
500.0,70.0,ogive,50.0,65.0,E12-6,4.0,238.6925164579257,342.26118017177856,330.02405835055356,12.890847131733965,1.2817490522449593,7.768468433804479,4.9513332481130234,184.5577239119498,completed
500.0,70.0,ogive,53.65384615384615,65.0,E12-6,4.0,239.5642810753122,343.0117124921963,325.14709027246107,13.079420321570856,1.4621386572300226,7.912480920940506,4.961965586024506,178.46284896167006,completed
500.0,70.0,ogive,55.0,65.0,E12-6,4.0,239.8854575132967,343.28684931675116,323.3753155818562,13.058602208416643,1.519234944327645,7.973339188733116,4.965876995157722,176.2695560020933,completed
500.0,70.0,ogive,65.0,65.0,E12-6,4.0,242.2713396240387,345.3078853142131,310.76730962735854,12.905694741418069,1.880755086514347,8.477469481621167,4.994837442210975,161.41690930280674,completed
530.0,40.0,conical,45.0,65.0,E12-6,4.0,233.46354414938992,333.2626380180498,310.02304022655034,12.977726073860971,1.1898274559677515,6.9533989599083,4.887074010791223,182.09668795627815,completed
530.0,40.0,conical,50.0,65.0,E12-6,4.0,234.65648520476094,334.3569092556363,304.49246768684174,13.14688160423584,1.4621428969742285,7.538251541901477,4.9018082814327615,173.8030379250324,completed
530.0,40.0,conical,53.65384615384615,65.0,E12-6,4.0,235.52824982214742,335.14955896800234,300.5565351963976,13.089181750673644,1.6290092109113221,7.931762564520641,4.912547733184164,168.2533135705883,completed
530.0,40.0,conical,55.0,65.0,E12-6,4.0,235.8494262601319,335.4401107093718,299.13004174136717,13.068031368778083,1.6861392416283842,8.0712188949317,4.916498494335987,166.31179963070858,completed
530.0,40.0,conical,65.0,65.0,E12-6,4.0,238.23530837087392,337.5739694361947,288.91606649176674,12.91272410463975,2.047552037870049,9.049740389835623,4.945747941969555,153.10080698217013,completed
530.0,50.0,conical,45.0,65.0,E12-6,4.0,234.0932248746824,342.3876645374916,318.3125984062199,13.186422701926812,1.1824043390831749,6.746467060784791,4.894856886180808,186.98014951921007,completed
530.0,50.0,conical,50.0,65.0,E12-6,4.0,235.28616593005341,343.4834435147252,312.3607412589539,13.107174781237916,1.4435387147009373,7.2809485081945,4.909567843222953,178.1096948075477,completed
530.0,50.0,conical,53.65384615384615,65.0,E12-6,4.0,236.15793054743992,344.27720409506435,308.160415396923,13.049765892475383,1.6117863825667875,7.629617855534474,4.920290288155282,172.36831081320003,completed
530.0,50.0,conical,55.0,65.0,E12-6,4.0,236.4791069854244,344.5681669721183,306.63667189360666,13.02872189510382,1.669410446511019,7.75540364958576,4.924234855657656,170.34570885837414,completed
530.0,50.0,conical,65.0,65.0,E12-6,4.0,238.86498909616637,346.7051098899576,295.8422970233502,13.119108286115205,2.0489871033648366,8.612803524369674,4.953438614384623,157.1281380983832,completed
530.0,60.0,conical,45.0,65.0,E12-6,4.0,234.72290559997506,351.50396896453907,323.35100563041414,13.145857468936216,1.161685012496151,6.755953057805415,4.902627406995853,189.65740440126214,completed
530.0,60.0,conical,50.0,65.0,E12-6,4.0,235.91584665534603,352.60129173729723,317.1397031787368,13.06702114977018,1.4247926479517963,7.232534156686779,4.91731505625119,180.52409837634957,completed
530.0,60.0,conical,53.65384615384615,65.0,E12-6,4.0,236.78761127273256,353.3961892562091,312.7627222327559,13.009909207399598,1.594423850807072,7.544752251427396,4.928020758742307,174.62949457393475,completed
530.0,60.0,conical,55.0,65.0,E12-6,4.0,237.10878771071702,353.6875728156564,311.17327978053004,12.988973808582584,1.6525429839133003,7.659779887060444,4.931959063398365,172.53678084352615,completed
530.0,60.0,conical,65.0,65.0,E12-6,4.0,239.49466982145904,355.8276698833515,299.954045668106,13.079512048138096,2.035764905607666,8.440280024723712,4.961117403084685,159.0177640385088,completed
530.0,70.0,conical,45.0,65.0,E12-6,4.0,235.35258632526757,360.61162130649734,326.3860275842407,13.105135362056725,1.1408359046545737,6.8196074346591455,4.910385618615614,191.06172044306277,completed
530.0,70.0,conical,50.0,65.0,E12-6,4.0,236.54552738063856,361.71052328965806,320.01317113105586,13.026713852420222,1.4059183420864154,7.252635850616746,4.925050154503593,181.76579683722122,completed
530.0,70.0,conical,53.65384615384615,65.0,E12-6,4.0,237.4172919980251,362.506583355604,315.5141290069495,12.969901120643588,1.5769353322773256,7.541439078133797,4.935739087258298,175.7213935201924,completed
530.0,70.0,conical,55.0,65.0,E12-6,4.0,237.73846843600955,362.7983969752094,313.89120954450897,12.94907514558631,1.635550560456611,7.644329225726173,4.9396712503604325,173.62698755351684,completed
530.0,70.0,conical,65.0,65.0,E12-6,4.0,240.12435054675154,364.9417169182836,302.40326754930607,13.039757890236134,2.022429020967539,8.366421769201517,4.968784368278709,159.91912865009533,completed
530.0,40.0,ellipsoid,45.0,65.0,E12-6,4.0,237.17762844982735,328.26225045970705,334.46136640516966,12.98842033655365,1.204701839658258,7.420682246784096,4.932802770001163,192.76938040912515,completed
530.0,40.0,ellipsoid,50.0,65.0,E12-6,4.0,238.37056950519835,329.3644964736728,327.6746869862743,12.9111947411574,1.4691980880536033,7.691920499170667,4.947400937494988,183.28171277730092,completed
530.0,40.0,ellipsoid,53.65384615384615,65.0,E12-6,4.0,239.24233412258485,330.1630324392866,322.94659226792857,13.099969829945199,1.6543149508398323,7.845621849417986,4.958041648098472,177.4578344549567,completed
530.0,40.0,ellipsoid,55.0,65.0,E12-6,4.0,239.56351056056934,330.4557649016103,321.2185343141223,13.079095787732559,1.7128837448141645,7.913103811435831,4.961956139024849,175.3155917361047,completed
530.0,40.0,ellipsoid,65.0,65.0,E12-6,4.0,241.94939267131133,332.60601850446915,308.92937324960616,12.925779734103763,2.0839403272845893,8.451621389744803,4.99093938962329,160.86747707282288,completed
530.0,50.0,ellipsoid,45.0,65.0,E12-6,4.0,238.43667689918348,336.4865700029933,333.1749572338302,12.907559615058462,1.176385399719302,7.437217931423044,4.948208678208227,190.9286338232042,completed
530.0,50.0,ellipsoid,50.0,65.0,E12-6,4.0,239.6296179545545,337.5918644756161,326.4411788046335,13.075473129379814,1.4585736268528635,7.695982010995219,4.962761547505238,181.6800012795805,completed
530.0,50.0,ellipsoid,53.65384615384615,65.0,E12-6,4.0,240.501382571941,338.3926454278513,321.65979560620286,13.019135801929542,1.6318493216297647,7.8876756318638135,4.973369409507125,175.50172381106927,completed
530.0,50.0,ellipsoid,55.0,65.0,E12-6,4.0,240.8225590099255,338.68620855256074,319.935987842803,12.99848276606619,1.6912488642101344,7.95691124707257,4.977271859126037,173.36258568149609,completed
530.0,50.0,ellipsoid,65.0,65.0,E12-6,4.0,243.2084411206675,340.84269006167875,307.67316289815125,12.846780994094013,2.068027435809246,8.509542794703924,5.006166382154932,158.91493764088628,completed
530.0,60.0,ellipsoid,45.0,65.0,E12-6,4.0,239.69572324881034,344.6901510005209,331.40612456010285,13.07181875721617,1.161964760851329,7.413775335372887,4.963566701183138,189.0221953937583,completed
530.0,60.0,ellipsoid,50.0,65.0,E12-6,4.0,240.88866430418133,345.7985647772912,324.6703431292449,12.994886789376382,1.433749005208057,7.713563582651026,4.9780747115035,179.52142808073663,completed
530.0,60.0,ellipsoid,53.65384615384615,65.0,E12-6,4.0,241.76042892156784,346.6016418658011,319.91457184557265,12.939144398934683,1.6093332635510533,7.91992787117532,4.988650022645003,173.3236940898311,completed
530.0,60.0,ellipsoid,55.0,65.0,E12-6,4.0,242.0816053595523,346.8960543675775,318.2006499036124,12.918708935751557,1.6695601065679746,7.993622665445932,4.992540529341719,171.1818044272238,completed
530.0,60.0,ellipsoid,65.0,65.0,E12-6,4.0,244.46748747029432,349.05890067673266,306.0447874134976,12.888891905508917,2.0597823038716085,8.556390741544933,5.021347300263816,156.92026776407022,completed
530.0,70.0,ellipsoid,45.0,65.0,E12-6,4.0,240.9547808645581,352.8733020727207,329.3934211636474,12.991262680313227,1.1338398592391665,7.399482251240439,4.978877510640959,186.83105767147526,completed
530.0,70.0,ellipsoid,50.0,65.0,E12-6,4.0,242.1477219199291,353.98490331235126,322.70174541735685,12.915142341738843,1.4088839096828574,7.725508450286483,4.993341081907521,177.28712172966513,completed
530.0,70.0,ellipsoid,53.65384615384615,65.0,E12-6,4.0,243.0194865373156,354.7903257501039,317.96920341414756,12.859985578016294,1.5867646184225244,7.953220909304081,5.003884141390883,171.0235838772019,completed
530.0,70.0,ellipsoid,55.0,65.0,E12-6,4.0,243.34066297530006,355.0856056357075,316.2771220613839,12.839764281168527,1.647815176113434,8.028757463744494,5.007762816328462,168.9187166285618,completed
530.0,70.0,ellipsoid,65.0,65.0,E12-6,4.0,245.72654508604208,357.25494847182125,304.2271169796853,12.81083499102176,2.0439058746530097,8.618938209211201,5.036482554548564,154.70847359946396,completed
530.0,40.0,ogive,45.0,65.0,E12-6,4.0,236.1213667099249,329.7023257002823,337.35263571225255,13.056825305090577,1.204498152435331,7.432584118069543,4.919841021291522,195.75343200250643,completed
530.0,40.0,ogive,50.0,65.0,E12-6,4.0,237.31430776529592,330.8022386708255,330.4318292368653,12.97888386162569,1.4674223754035083,7.671607754691791,4.9344775629587385,186.15696806817456,completed
530.0,40.0,ogive,53.65384615384615,65.0,E12-6,4.0,238.18607238268243,331.5990536718847,325.5409791383068,12.922429018329609,1.6369175132239506,7.837328211151189,4.945146082143662,179.90245984119855,completed
530.0,40.0,ogive,55.0,65.0,E12-6,4.0,238.5072488206669,331.89114877796385,323.7829940328975,12.901739576301152,1.6951190216976864,7.896181083817644,4.949070780696964,177.76032956902637,completed
530.0,40.0,ogive,65.0,65.0,E12-6,4.0,240.8931309314089,334.0366142571582,311.3104934521384,12.992582187615012,2.0779675729502243,8.365927599376892,4.978128950655594,163.47245825745168,completed
530.0,50.0,ogive,45.0,65.0,E12-6,4.0,237.0691948304798,338.37406866778133,335.8174827955384,12.995326605663092,1.1800826266501738,7.418622902966516,4.931473730027078,194.048967947286,completed
530.0,50.0,ogive,50.0,65.0,E12-6,4.0,238.26213588585082,339.4762564601317,328.93591422010513,12.918027942865239,1.4455939435778564,7.67714136198232,4.9460758310166435,184.43179969394018,completed
530.0,50.0,ogive,53.65384615384615,65.0,E12-6,4.0,239.13390050323733,340.2747470944191,324.1418463266513,13.106871255497994,1.631734314350341,7.822026949097881,4.956719341622545,178.54489006083878,completed
530.0,50.0,ogive,55.0,65.0,E12-6,4.0,239.45507694122182,340.56746227552804,322.39398623694007,13.08597865094418,1.690578343235065,7.8852788936923375,4.9606349672446495,176.39528897098944,completed
530.0,50.0,ogive,65.0,65.0,E12-6,4.0,241.84095905196378,342.71757803165616,309.9515632150555,12.932527021100944,2.063505675497571,8.406267584284876,4.9896258141420216,161.81618228688112,completed
530.0,60.0,ogive,45.0,65.0,E12-6,4.0,238.02953368653627,347.01485546017847,334.2286351694771,12.933520333778384,1.1551744941051862,7.401618026978044,4.943232068229399,192.33174539995522,completed
530.0,60.0,ogive,50.0,65.0,E12-6,4.0,239.22247474190723,348.11939665797377,327.4428951723604,13.101624373924793,1.4380432580881868,7.6523716911000195,4.957799528412337,183.0126081999863,completed
530.0,60.0,ogive,53.65384615384615,65.0,E12-6,4.0,240.09423935929374,348.9196201151108,322.62667684410155,13.045094384880082,1.6116474639471736,7.838347209377984,4.9684179815350795,176.80146688136642,completed
530.0,60.0,ogive,55.0,65.0,E12-6,4.0,240.41541579727823,349.21297639110753,320.8886812848729,13.024370889105974,1.6711625206326037,7.906437483434079,4.972324312352699,174.6433137022758,completed
530.0,60.0,ogive,65.0,65.0,E12-6,4.0,242.80129790802025,351.36789773907276,308.5353548057844,12.872154377092079,2.0487134736498205,8.450867311668542,5.001247411797747,160.09671084850606,completed
530.0,70.0,ogive,45.0,65.0,E12-6,4.0,238.99957540255474,355.62862833149944,332.63343471575683,13.116644553693686,1.1441874205954878,7.364682803757069,4.955080889740586,190.80928624372487,completed
530.0,70.0,ogive,50.0,65.0,E12-6,4.0,240.1925164579257,356.7355935690757,325.8581785024516,13.03926061088642,1.415856626098351,7.65472144055879,4.969613563452799,181.26648973107876,completed
530.0,70.0,ogive,53.65384615384615,65.0,E12-6,4.0,241.06428107531224,357.53760119943325,321.07144737248177,12.983192107452702,1.591346210826805,7.855675623118865,4.980206829829186,175.0328992251803,completed
530.0,70.0,ogive,55.0,65.0,E12-6,4.0,241.3854575132967,357.8316174326986,319.34685003758483,12.962637375526283,1.6515368666509114,7.927548711569832,4.9841040185934595,172.8862998984418,completed
530.0,70.0,ogive,65.0,65.0,E12-6,4.0,243.77133962403872,359.99148356222423,307.06748808247613,12.811653557305714,2.03374882382628,8.502366952410584,5.012959184357513,158.29446696614548,completed
560.0,40.0,conical,45.0,65.0,E12-6,4.0,234.96354414938995,347.96430321561905,306.58623276928154,13.127000496930975,1.3030200041294826,7.029687887142454,4.905593750852778,179.12853291871428,completed
560.0,40.0,conical,50.0,65.0,E12-6,4.0,236.15648520476094,349.1289032641794,301.16484060396124,13.04837975703275,1.5750032678025383,7.640716750533368,4.920272580771656,170.8202116649337,completed
560.0,40.0,conical,53.65384615384615,65.0,E12-6,4.0,237.02824982214742,349.9725437856883,297.3134338939342,12.991423115171301,1.750622454826493,8.046252109114269,4.930971820242237,165.33274439467226,completed
560.0,40.0,conical,55.0,65.0,E12-6,4.0,237.3494262601319,350.2817965289241,295.9232207657182,12.970544462024625,1.8108409396825216,8.186698299712328,4.934907754973966,163.43839293228586,completed
560.0,40.0,conical,65.0,65.0,E12-6,4.0,239.73530837087392,352.5531617530832,286.03133679371683,13.061100364861632,2.208772256210101,9.138921514859318,4.964048830114506,150.95801568561325,completed
560.0,50.0,conical,45.0,65.0,E12-6,4.0,235.59322487468242,357.05560680016754,314.58512864796,13.087391143222385,1.2823444868284346,6.790215026514691,4.913347246741344,183.61710184578493,completed
560.0,50.0,conical,50.0,65.0,E12-6,4.0,236.78616593005341,358.2216879110029,308.7950262611509,13.009166049714214,1.556250282470973,7.34100447040763,4.928003013990043,174.97827870743407,completed
560.0,50.0,conical,53.65384615384615,65.0,E12-6,4.0,237.65793054743995,359.0664209862895,304.69052310436825,12.952494865605141,1.7332248857802746,7.708347857890225,4.938685526291394,169.3039956558971,completed
560.0,50.0,conical,55.0,65.0,E12-6,4.0,237.9791069854244,359.3760783650524,303.20339893525687,12.93172634951753,1.793890395063224,7.83867555201948,4.94261533239398,167.315267885641,completed
560.0,50.0,conical,65.0,65.0,E12-6,4.0,240.3649890961664,361.65048355716,292.6775222902661,13.022431942180546,2.195466087768302,8.71924483263507,4.971711227737635,154.38834244486134,completed
560.0,60.0,conical,45.0,65.0,E12-6,4.0,236.22290559997506,366.1384234621608,319.4523432917892,13.047337189553902,1.2615278618619439,6.76008118367373,4.92108858981431,186.16434030112953,completed
560.0,60.0,conical,50.0,65.0,E12-6,4.0,237.41584665534603,367.3060204232002,313.41853785593935,12.969515866817773,1.5373563127073928,7.258765728672576,4.935721312666676,177.28905679681083,completed
560.0,60.0,conical,53.65384615384615,65.0,E12-6,4.0,238.28761127273256,368.15187119982335,309.1438030896719,12.91315015976538,1.7156493242307105,7.595168620236037,4.946387190428956,171.45547262857318,completed
560.0,60.0,conical,55.0,65.0,E12-6,4.0,238.60878771071702,368.4619424215167,307.59646050416484,12.892492277684854,1.7769677652624718,7.714422225121623,4.950310881607669,169.42169258180706,completed
560.0,60.0,conical,65.0,65.0,E12-6,4.0,240.99466982145904,370.73945503290497,296.64728130606346,12.983324374839865,2.1820306354151007,8.534528095590824,4.979361861651032,156.12934828691928,completed
560.0,70.0,conical,45.0,65.0,E12-6,4.0,236.85258632526757,375.21282088992353,322.376437810137,13.00713046598282,1.2405843392940665,6.795707348293615,4.928817763080849,187.49181144627394,completed
560.0,70.0,conical,50.0,65.0,E12-6,4.0,238.04552738063856,376.3819678738185,316.1895208933187,12.929723569799432,1.5182994680159556,7.254676822735004,4.943427636163155,178.4766069715695,completed
560.0,70.0,conical,53.65384615384615,65.0,E12-6,4.0,238.9172919980251,377.2289610557667,311.86505960931777,13.118634134212972,1.7140966744313846,7.53675190328829,4.954076922664276,172.88087776127085,completed
560.0,70.0,conical,55.0,65.0,E12-6,4.0,239.23846843600955,377.5394551656417,310.27773256637164,13.097714320319126,1.775886551363688,7.64894579027612,4.957994543205181,170.80336102237797,completed
560.0,70.0,conical,65.0,65.0,E12-6,4.0,241.62435054675154,379.82014146398,299.01780376915093,12.944062861449517,2.168480696542798,8.44520472343698,4.987000719515152,157.0232270102344,completed
560.0,40.0,ellipsoid,45.0,65.0,E12-6,4.0,238.67762844982738,342.7665672804343,330.19777375529816,12.891912918986206,1.3073250587410543,7.305848161280526,4.9511515047428825,189.1046156860692,completed
560.0,40.0,ellipsoid,50.0,65.0,E12-6,4.0,239.87056950519838,343.9389847525298,323.65912248976105,13.05970643337135,1.5996897815037914,7.587538484054239,4.965695761876744,180.19366112483962,completed
560.0,40.0,ellipsoid,53.65384615384615,65.0,E12-6,4.0,240.74233412258488,344.78840338246516,318.9990234026742,13.00348783117869,1.7793321400144335,7.802784425122664,4.97629735784071,174.14532280787247,completed
560.0,40.0,ellipsoid,55.0,65.0,E12-6,4.0,241.06351056056934,345.09979843661733,317.3165807224201,12.982878198273967,1.840969254980467,7.880237206294722,4.980197500772838,172.0438355046162,completed
560.0,40.0,ellipsoid,65.0,65.0,E12-6,4.0,243.44939267131136,347.38729676582807,305.35012653051365,12.831493347912577,2.2325983082314558,8.480139635324898,5.009075223452701,157.89112257258526,completed
560.0,50.0,ellipsoid,45.0,65.0,E12-6,4.0,239.9366768991835,350.9258775174377,328.9469120263204,13.056064313224418,1.2938843733984762,7.305209319580803,4.966500507819636,187.49999607798398,completed
560.0,50.0,ellipsoid,50.0,65.0,E12-6,4.0,241.1296179545545,352.1012797078533,322.36876282275153,12.979294148691048,1.5749878959539698,7.623106171334273,4.98099989093915,178.28264406872822,completed
560.0,50.0,ellipsoid,53.65384615384615,65.0,E12-6,4.0,242.00138257194104,352.95289909805143,317.7112548058307,12.923668459172772,1.7568977382941506,7.847883994097508,4.9915690798465,172.19904842286752,completed
560.0,50.0,ellipsoid,55.0,65.0,E12-6,4.0,242.3225590099255,353.26510901347234,316.02947479270534,12.903275668382046,1.8193495620098077,7.92885175579243,4.995457316319948,170.08358832381913,completed
560.0,50.0,ellipsoid,65.0,65.0,E12-6,4.0,244.70844112066752,355.55872597693315,304.1320889956769,12.873634604652256,2.2248442527005285,8.521895354167409,5.024247351432146,156.15505942497455,completed
560.0,60.0,ellipsoid,45.0,65.0,E12-6,4.0,241.19572324881034,359.0652570079695,327.15827457534465,12.9756792089898,1.2659584452284913,7.310764440724651,4.981802161064429,185.378268588237,completed
560.0,60.0,ellipsoid,50.0,65.0,E12-6,4.0,242.38866430418133,360.243711010891,320.62084096703904,12.899717996686922,1.5502460448596838,7.6469174917341025,4.996257170239168,176.1530058407806,completed
560.0,60.0,ellipsoid,53.65384615384615,65.0,E12-6,4.0,243.26042892156784,361.0975795724085,315.9819490355634,12.844676025325708,1.7344106408145183,7.887839978100754,5.006794172653612,170.02510890095965,completed
560.0,60.0,ellipsoid,55.0,65.0,E12-6,4.0,243.5816053595523,361.4106220554691,314.32103311412465,12.824496704778083,1.7976733413378931,7.968521216678219,5.010670592806023,167.95960226028663,completed
560.0,60.0,ellipsoid,65.0,65.0,E12-6,4.0,245.96748747029432,363.71048706906157,302.49424422256743,12.795739835941166,2.2089758229175604,8.58742504892448,5.039373749548215,154.02408827526565,completed
560.0,70.0,ellipsoid,45.0,65.0,E12-6,4.0,242.4547808645581,367.184999087988,325.1775427118725,12.896132898829176,1.2380151816745784,7.305048612546967,4.997057173150345,183.20935893370455,completed
560.0,70.0,ellipsoid,50.0,65.0,E12-6,4.0,243.6477219199291,368.3665694565142,318.67928763216895,12.820968031441945,1.5254627826960347,7.6691708786118635,5.011468174376536,173.92789815794652,completed
560.0,70.0,ellipsoid,53.65384615384615,65.0,E12-6,4.0,244.5194865373156,369.22273376910516,314.10907264015304,12.886794649641715,1.7201679878094256,7.908032039766054,5.021973271333818,167.9770778246099,completed
560.0,70.0,ellipsoid,55.0,65.0,E12-6,4.0,244.8406629753001,369.5366258568515,312.4538503604931,12.86664846180895,1.78429867118097,7.996629536130379,5.025837985008408,165.87851726232955,completed
560.0,70.0,ellipsoid,65.0,65.0,E12-6,4.0,247.22654508604208,371.8428634525012,300.75070302441367,12.897506636328183,2.2059685358479926,8.62959307289614,5.0544550326987245,152.11761583837466,completed
560.0,40.0,ogive,45.0,65.0,E12-6,4.0,237.62136670992493,344.26202576470735,332.99056093834787,12.95942220933467,1.306377692475118,7.301362248226266,4.938237923399779,192.001955176724,completed
560.0,40.0,ogive,50.0,65.0,E12-6,4.0,238.81430776529592,345.432158557511,326.27284621749783,12.882508405005034,1.582046889263255,7.579349516985474,4.952820021336402,182.71386008798294,completed
560.0,40.0,ogive,53.65384615384615,65.0,E12-6,4.0,239.68607238268243,346.27988961466923,321.5714873287543,13.070985147878137,1.775855108877852,7.74904328154045,4.96344911665986,176.89277803419955,completed
560.0,40.0,ogive,55.0,65.0,E12-6,4.0,240.0072488206669,346.5906592062388,319.86404227833486,13.050191607521763,1.8371156534503135,7.817436992709447,4.967359441325046,174.80255235734637,completed
560.0,40.0,ogive,65.0,65.0,E12-6,4.0,242.3931309314089,348.87345104450975,307.6711923816865,12.897463370462582,2.2261077412865617,8.382455004753536,4.996311266404682,160.48875527313254,completed
560.0,50.0,ogive,45.0,65.0,E12-6,4.0,238.56919483047983,352.88427488365016,331.4792754739021,12.898728696527415,1.2820819293793926,7.294841632722028,4.949827401639351,190.3215633630228,completed
560.0,50.0,ogive,50.0,65.0,E12-6,4.0,239.76213588585082,354.05663693097017,324.8487139511468,13.066570871550057,1.5756971451936292,7.565908740715033,4.964375494966343,181.29036190782273,completed
560.0,50.0,ogive,53.65384615384615,65.0,E12-6,4.0,240.63390050323736,354.9060120945865,320.1188094503091,13.010302471791686,1.7561086704643378,7.7768573518415245,4.974979911991445,175.13647212897197,completed
560.0,50.0,ogive,55.0,65.0,E12-6,4.0,240.95507694122182,355.2173905171965,318.43209841421924,12.989674623376,1.8180195085364677,7.8451996168288805,4.978881086608836,173.08925343055068,completed
560.0,50.0,ogive,65.0,65.0,E12-6,4.0,243.3409590519638,357.5047552103829,306.3225764870585,12.83815664894432,2.2115163333326575,8.430169024594807,5.007766408332277,158.81370574914123,completed
560.0,60.0,ogive,45.0,65.0,E12-6,4.0,239.52953368653627,361.47539809242113,329.9588410943594,13.082148579734293,1.2721144365057708,7.263724704283417,4.9615422458991905,188.8654918943927,completed
560.0,60.0,ogive,50.0,65.0,E12-6,4.0,240.72247474190726,362.65006504350816,323.33185992765834,13.005116392736928,1.5537134102780499,7.57452510137741,4.97605613349669,179.58532534450558,completed
560.0,60.0,ogive,53.65384615384615,65.0,E12-6,4.0,241.59423935929374,363.50113938518183,318.63656554443907,12.94930163808087,1.7359579141156083,7.796117540213864,4.9866357199346645,173.44979145203467,completed
560.0,60.0,ogive,55.0,65.0,E12-6,4.0,241.91541579727823,363.8131468839256,316.9443102255669,12.928839697525625,1.7985274164042067,7.875206770996345,4.9905277942822925,171.32735905949613,completed
560.0,60.0,ogive,65.0,65.0,E12-6,4.0,244.30129790802025,366.1052340840361,304.96506109528764,12.898911336202966,2.204854107588875,8.460390898281924,5.019346101065266,157.32029272644562,completed
560.0,70.0,ogive,45.0,65.0,E12-6,4.0,240.49957540255474,370.039491088522,328.35136731714607,13.019940626980816,1.247305210460555,7.256405276573,4.973347362606872,187.12239416364793,completed
560.0,70.0,ogive,50.0,65.0,E12-6,4.0,241.69251645792573,371.216530791898,321.77416835877074,12.943535961084574,1.5315080960472756,7.584348309441111,4.987826956406047,177.85635799885128,completed
560.0,70.0,ogive,53.65384615384615,65.0,E12-6,4.0,242.56428107531224,372.0693536466735,317.1059753453971,12.888173973676242,1.715595916776294,7.82069005427293,4.998381621486756,171.6931284956608,completed
560.0,70.0,ogive,55.0,65.0,E12-6,4.0,242.8854575132967,372.3820083457708,315.4341992759435,12.867877616863419,1.7788282348005893,7.900407606513251,5.0022646513083435,169.61032907671094,completed
560.0,70.0,ogive,65.0,65.0,E12-6,4.0,245.27133962403872,374.6789518313206,303.53683269028147,12.838636465934119,2.189906639658968,8.509983902511465,5.031015652119842,155.6094703299509,completed
