finish_allowance_g,body_mm,nose_mm,nose_shape,span_mm,fin_root_mm,motor,wind_m_s,launch_mass_g,loaded_cg_mm,apogee_m,guide_m_s,stability_cal,deployment_m_s,descent_m_s,drift_m,status
3,500.0,40.0,conical,53.65384615384615,,D12-5,0.0,244.7138997865769,298.1348470032363,153.1842570159339,12.475007459454119,2.417528581309253,5.910064587548466,5.199459791476413,0.03665881998684808,completed
3,500.0,40.0,conical,53.65384615384615,,D12-5,2.0,244.7138997865769,298.1348470032363,151.1840789752682,12.469873084992512,2.240774201749436,6.600786207823787,5.199400422571287,31.601948906961432,completed
3,500.0,40.0,conical,53.65384615384615,,D12-5,4.0,244.7138997865769,298.1348470032363,145.66739216228825,12.468095613673755,2.0097701238949504,9.67144563708532,5.1993411131472,61.03234636466172,completed
3,500.0,40.0,conical,53.65384615384615,,E12-6,0.0,261.0138997865769,308.3666852158026,285.33355986334857,12.549037458641072,2.3532740156450433,4.228662790765021,5.216871961364771,0.1605200880577462,completed
3,500.0,40.0,conical,53.65384615384615,,E12-6,2.0,261.0138997865769,308.3666852158026,281.90561621132593,12.544310999391616,2.1549188148363165,6.0797685951445954,5.216812424677489,62.69863828856155,completed
3,500.0,40.0,conical,53.65384615384615,,E12-6,4.0,261.0138997865769,308.3666852158026,272.4072059433809,12.542608022903016,1.7612354420399037,10.12171054440719,5.216752899049805,122.23795747048267,completed
3,500.0,40.0,ogive,53.65384615384615,,D12-5,0.0,247.90328685921887,294.51745708771375,158.35535461986024,12.286781722067666,2.4495754975232527,4.451466244140758,5.23641322572633,0.06209018169743656,completed
3,500.0,40.0,ogive,53.65384615384615,,D12-5,2.0,247.90328685921887,294.51745708771375,156.25771250900573,12.28279181386149,2.3486541601014097,5.721821847553253,5.236353485002189,31.66682172457603,completed
3,500.0,40.0,ogive,53.65384615384615,,D12-5,4.0,247.90328685921887,294.51745708771375,150.4347594828031,12.281550407399207,2.018682250105486,9.266846085015636,5.236293833711233,61.40814570119326,completed
3,500.0,40.0,ogive,53.65384615384615,,E12-6,0.0,264.20328685921885,304.8489540267536,305.0065615729265,12.595891198945344,1.8711102854463644,0.7583053263823155,5.253703030702154,0.1976828135808494,completed
3,500.0,40.0,ogive,53.65384615384615,,E12-6,2.0,264.20328685921885,304.8489540267536,301.25549181284697,12.592270333738552,2.1842771449001837,5.022496283419922,5.253643061872402,65.62297764130795,completed
3,500.0,40.0,ogive,53.65384615384615,,E12-6,4.0,264.20328685921885,304.8489540267536,290.8444012345374,12.590945440138578,1.7814511502643444,9.805123186806071,5.25358315907254,128.71405046891326,completed
3,500.0,40.0,ellipsoid,53.65384615384615,,D12-5,0.0,249.1708009471018,293.0515267363901,157.02640171395024,12.212084181550328,2.564657345259225,4.636376959763781,5.251027013844848,0.059467944172766164,completed
3,500.0,40.0,ellipsoid,53.65384615384615,,D12-5,2.0,249.1708009471018,293.0515267363901,154.92440927649793,12.208153085400758,2.3541897538109593,5.869087818623586,5.250967120746789,30.918149363911276,completed
3,500.0,40.0,ellipsoid,53.65384615384615,,D12-5,4.0,249.1708009471018,293.0515267363901,149.0939547518422,12.206961896902529,2.021932383421626,9.411768873314474,5.250907203166482,59.89480060893106,completed
3,500.0,40.0,ellipsoid,53.65384615384615,,E12-6,0.0,265.4708009471018,303.4237036551824,302.576554731159,12.524488302206043,2.477492526079001,0.9804034193626254,5.268268837070671,0.1957968168527899,completed
3,500.0,40.0,ellipsoid,53.65384615384615,,E12-6,2.0,265.4708009471018,303.4237036551824,298.81188297477473,12.520757326743249,2.191848914391201,5.092764564546987,5.268208696391606,64.32259107440666,completed
3,500.0,40.0,ellipsoid,53.65384615384615,,E12-6,4.0,265.4708009471018,303.4237036551824,288.36430527911887,12.519479529134065,1.784205312670367,9.90785166208025,5.268148618261181,126.07661815513097,completed
3,500.0,50.0,conical,53.65384615384615,,D12-5,0.0,245.4695166569279,307.24167180181246,155.00408094929034,12.430241375595077,2.3326491946889605,5.431402752485204,5.208238344656828,0.046474847052508476,completed
3,500.0,50.0,conical,53.65384615384615,,D12-5,2.0,245.4695166569279,307.24167180181246,152.98052095172102,12.425465607793328,2.2447289711424294,6.268454271761483,5.208178860800713,31.81611674261556,completed
3,500.0,50.0,conical,53.65384615384615,,D12-5,4.0,245.4695166569279,307.24167180181246,147.4080065511828,12.423853611931348,1.9930297075434793,9.468996266490516,5.2081195504368285,61.62286764957381,completed
3,500.0,50.0,conical,53.65384615384615,,E12-6,0.0,261.76951665692786,317.4995917610324,291.4522704187231,12.506933043437458,2.1575572243478844,3.174826810976502,5.225621239181206,0.17483063559053041,completed
3,500.0,50.0,conical,53.65384615384615,,E12-6,2.0,261.76951665692786,317.4995917610324,287.93578871103534,12.502534995078877,2.1458122756575153,5.553416441137014,5.225561607629826,63.81781932945145,completed
3,500.0,50.0,conical,53.65384615384615,,E12-6,4.0,261.76951665692786,317.4995917610324,278.2061302543541,12.500986973196545,1.7441224843673833,9.861466026791717,5.225502094840456,124.75582935053272,completed
3,500.0,50.0,ogive,53.65384615384615,,D12-5,0.0,249.0406806038848,303.1608612898647,157.15093876906585,12.219664402945451,2.657728884717936,4.622843537297327,5.249528661911913,0.059596679196507546,completed
3,500.0,50.0,ogive,53.65384615384615,,D12-5,2.0,249.0406806038848,303.1608612898647,155.05704245625765,12.21571040452795,2.3222307260157504,5.840414798415854,5.24946878325708,31.050377808717656,completed
3,500.0,50.0,ogive,53.65384615384615,,D12-5,4.0,249.0406806038848,303.1608612898647,149.26783198224058,12.214507725138892,1.9994076094946873,9.369400073737099,5.249408873611176,60.24976648362305,completed
3,500.0,50.0,ogive,53.65384615384615,,E12-6,0.0,265.3406806038848,313.5314081457506,303.306565512623,12.531751528201031,2.3622512919341814,0.8966843357329096,5.266775321250373,0.1963631527353353,completed
3,500.0,50.0,ogive,53.65384615384615,,E12-6,2.0,265.3406806038848,313.5314081457506,299.55357188945345,12.527999358550968,2.1745705933651642,5.06301969546023,5.266715310907366,64.66891818569395,completed
3,500.0,50.0,ogive,53.65384615384615,,E12-6,4.0,265.3406806038848,313.5314081457506,289.1652678927888,12.526710111182448,1.761876007660386,9.856416056809097,5.266655248516663,126.92481490834324,completed
3,500.0,50.0,ellipsoid,53.65384615384615,,D12-5,0.0,250.68165908632918,301.2370086342967,155.49186792971602,12.289498773498247,2.28692358738598,4.853856893011959,5.268393438560428,0.05621396789925453,completed
3,500.0,50.0,ellipsoid,53.65384615384615,,D12-5,2.0,250.68165908632918,301.2370086342967,153.4025443174682,12.28553957489848,2.3270706550347753,6.016467997496781,5.268333345816682,30.204056995079366,completed
3,500.0,50.0,ellipsoid,53.65384615384615,,D12-5,4.0,250.68165908632918,301.2370086342967,147.6231462607358,12.284304718448878,2.0099231564669817,9.532140843448765,5.2682732171706395,58.52252988375065,completed
3,500.0,50.0,ellipsoid,53.65384615384615,,E12-6,0.0,266.98165908632916,311.66127061837955,300.7611220015343,12.43999528002172,2.2712815035341647,1.1055348116149155,5.2855786294847915,0.19473496734087806,completed
3,500.0,50.0,ellipsoid,53.65384615384615,,E12-6,2.0,266.98165908632916,311.66127061837955,296.99056350082196,12.436299300530852,2.1813771282586103,5.14694627789368,5.285518379294825,63.163763394531586,completed
3,500.0,50.0,ellipsoid,53.65384615384615,,E12-6,4.0,266.98165908632916,311.66127061837955,286.5666187095963,12.435066506860256,1.7618568185984147,9.974883020594948,5.285458095888622,123.9436753510515,completed
3,530.0,40.0,conical,53.65384615384615,,D12-5,0.0,246.2138997865769,311.039586811035,151.30402264144337,12.384112767387379,2.5548338753994857,6.205825691381832,5.21687187361483,0.02943357146781833,completed
3,530.0,40.0,conical,53.65384615384615,,D12-5,2.0,246.2138997865769,311.039586811035,149.32859818556054,12.37897696305609,2.4136987891037207,6.791950866369261,5.216812411982593,30.882675681581173,completed
3,530.0,40.0,conical,53.65384615384615,,D12-5,4.0,246.2138997865769,311.039586811035,143.88554203390373,12.377250256447509,2.1796147357664246,9.828883501590642,5.2167529033621,59.6108257586262,completed
3,530.0,40.0,conical,53.65384615384615,,E12-6,0.0,262.5138997865769,322.27443851746995,282.21100412367076,12.689177332933387,2.102493099466323,4.564612872168512,5.234226221836698,0.15519397445263647,completed
3,530.0,40.0,conical,53.65384615384615,,E12-6,2.0,262.5138997865769,322.27443851746995,278.84695346647743,12.684311821248116,2.3531322710796823,6.23780683070922,5.234166452360745,61.74623258115258,completed
3,530.0,40.0,conical,53.65384615384615,,E12-6,4.0,262.5138997865769,322.27443851746995,269.51411596477635,12.682489244200491,1.9212744385255502,10.21044434092992,5.234106840059643,120.31913548760669,completed
3,530.0,40.0,ogive,53.65384615384615,,D12-5,0.0,249.40328685921887,307.2789264282484,156.2638541688216,12.364678730394763,3.0645382577258022,4.793057143527636,5.253703017076313,0.057064586073876565,completed
3,530.0,40.0,ogive,53.65384615384615,,D12-5,2.0,249.40328685921887,307.2789264282484,154.20243794122132,12.360590872176303,2.506561195288967,5.900970937296372,5.253643105770903,31.00738863001608,completed
3,530.0,40.0,ogive,53.65384615384615,,D12-5,4.0,249.40328685921887,307.2789264282484,148.48418299052076,12.359287398598493,2.2004080787199767,9.386232804218622,5.253583126781589,60.07488513289608,completed
3,530.0,40.0,ogive,53.65384615384615,,E12-6,0.0,265.70328685921885,318.60962366879363,301.24641308671596,12.51117139286365,2.6461258112084987,1.1818001750038223,5.270936043362568,0.19390487637438628,completed
3,530.0,40.0,ogive,53.65384615384615,,E12-6,2.0,265.70328685921885,318.60962366879363,297.55045732676285,12.507369492866909,2.3738397844913695,5.05511663649452,5.270875976556957,64.35157989051831,completed
3,530.0,40.0,ogive,53.65384615384615,,E12-6,4.0,265.70328685921885,318.60962366879363,287.291024103186,12.50607311280918,1.930581492444182,9.815716464756365,5.27081585909078,126.1837163377245,completed
3,530.0,40.0,ellipsoid,53.65384615384615,,D12-5,0.0,250.6708009471018,305.75723989554484,154.962450790406,12.289945508969852,2.0646691828300945,4.972644946034662,5.268268769376565,0.05433447263827354,completed
3,530.0,40.0,ellipsoid,53.65384615384615,,D12-5,2.0,250.6708009471018,305.75723989554484,152.89730556344537,12.285929121691453,2.5216093205940155,6.054194304749703,5.268208671779045,30.277361731799406,completed
3,530.0,40.0,ellipsoid,53.65384615384615,,D12-5,4.0,250.6708009471018,305.75723989554484,147.16841172040176,12.284677269414164,2.2042559931488213,9.53521220312956,5.268148663766263,58.5806769392042,completed
3,530.0,40.0,ellipsoid,53.65384615384615,,E12-6,0.0,266.9708009471018,317.12704879949337,298.8854957080066,12.440420200249147,2.501283060903583,1.3976204103840402,5.285454390024543,0.19278795011993685,completed
3,530.0,40.0,ellipsoid,53.65384615384615,,E12-6,2.0,266.9708009471018,317.12704879949337,295.17679336625866,12.436670068912422,2.382066247282108,5.139735517737509,5.285394116323876,63.08863682875638,completed
3,530.0,40.0,ellipsoid,53.65384615384615,,E12-6,4.0,266.9708009471018,317.12704879949337,284.8856694649606,12.435420247190244,1.9339098735046985,9.924383501623634,5.285333843057706,123.62273361882546,completed
3,530.0,50.0,conical,53.65384615384615,,D12-5,0.0,246.9695166569279,320.112353656152,153.05622089918728,12.339904336711331,2.180417346511938,5.742873296135268,5.225621188707544,0.04016906006128919,completed
3,530.0,50.0,conical,53.65384615384615,,D12-5,2.0,246.9695166569279,320.112353656152,151.05715375530966,12.335122416838287,2.4108034576405877,6.461005109958572,5.225561626495012,31.07955930261493,completed
3,530.0,50.0,conical,53.65384615384615,,D12-5,4.0,246.9695166569279,320.112353656152,145.5581646717344,12.33355560989086,2.1626026856995693,9.624074781741676,5.225502100415564,60.15790389727377,completed
3,530.0,50.0,conical,53.65384615384615,,E12-6,0.0,263.26951665692786,331.37236838572557,288.1422363234341,12.646879263207467,2.601266198794282,3.5365438471609467,5.242946576927169,0.16956787477281826,completed
3,530.0,50.0,conical,53.65384615384615,,E12-6,2.0,263.26951665692786,331.37236838572557,284.6923029962567,12.642347929467592,2.344184520023654,5.6878441798932045,5.242886736137295,62.81399684868771,completed
3,530.0,50.0,conical,53.65384615384615,,E12-6,4.0,263.26951665692786,331.37236838572557,275.14677311788023,12.640687830922692,1.9041771679584814,9.921641427916041,5.242827021049721,122.78337072484774,completed
3,530.0,50.0,ogive,53.65384615384615,,D12-5,0.0,250.5406806038848,315.87251867302064,155.08125720438832,12.297492306654599,2.286419147895501,4.962254204372331,5.2667753062080775,0.05440500440234078,completed
3,530.0,50.0,ogive,53.65384615384615,,D12-5,2.0,250.5406806038848,315.87251867302064,153.0248410648301,12.293487504796374,2.4892152005535735,6.024919745906035,5.266715249193427,30.4041779666757,completed
3,530.0,50.0,ogive,53.65384615384615,,D12-5,4.0,250.5406806038848,315.87251867302064,147.33656065621574,12.292223825296434,2.181169962713486,9.490596741591201,5.266655241865494,58.93575058566996,completed
3,530.0,50.0,ogive,53.65384615384615,,E12-6,0.0,266.8406806038848,327.2408300517978,299.5757121313745,12.44760104890416,2.2985880889731383,1.3185474267333628,5.283965840026197,0.19338463964286332,completed
3,530.0,50.0,ogive,53.65384615384615,,E12-6,2.0,266.8406806038848,327.2408300517978,295.877402262099,12.443829664272254,2.3642138702771254,5.10593143506741,5.283905603763365,63.40539546291151,completed
3,530.0,50.0,ogive,53.65384615384615,,E12-6,4.0,266.8406806038848,327.2408300517978,285.64096150029644,12.442568642872823,1.9109155155375253,9.872613149393905,5.283845331894241,124.4205226889298,completed
3,530.0,50.0,ellipsoid,53.65384615384615,,D12-5,0.0,252.18165908632918,313.8773928831424,153.45445695514465,12.201822084249383,3.035991988958912,5.189976498980154,5.285578661367634,0.05066898208255964,completed
3,530.0,50.0,ellipsoid,53.65384615384615,,D12-5,2.0,252.18165908632918,313.8773928831424,151.39613701234393,12.197835578453189,2.501786074103207,6.216748230732212,5.285518377779376,29.501735058929984,completed
3,530.0,50.0,ellipsoid,53.65384615384615,,D12-5,4.0,252.18165908632918,313.8773928831424,145.70399387852234,12.196634094608607,2.1825106870541475,9.670604308503123,5.285458060620373,57.10905355049891,completed
3,530.0,50.0,ellipsoid,53.65384615384615,,E12-6,0.0,268.48165908632916,325.29734799828464,297.0892093990543,12.577904345911767,2.2115507264491185,1.522917500191802,5.302708205809148,0.1923761129023206,completed
3,530.0,50.0,ellipsoid,53.65384615384615,,E12-6,2.0,268.48165908632916,325.29734799828464,293.390580122513,12.57408606594766,2.383896684496177,5.185111109950308,5.3026477292469885,62.097969254328625,completed
3,530.0,50.0,ellipsoid,53.65384615384615,,E12-6,4.0,268.48165908632916,325.29734799828464,283.1527899691278,12.57275718663745,1.9256834004796621,9.971063663739761,5.302587249796781,121.78040068461087,completed
5,500.0,40.0,conical,53.65384615384615,,D12-5,0.0,246.7138997865769,299.8708671722014,151.3892245769483,12.354398749497742,2.792630930164819,6.143006807724825,5.222663058983678,0.031073591201937974,completed
5,500.0,40.0,conical,53.65384615384615,,D12-5,2.0,246.7138997865769,299.8708671722014,149.39017891057216,12.34936091561039,2.187401867801717,6.799684361529418,5.222603526127057,30.588123629656728,completed
5,500.0,40.0,conical,53.65384615384615,,D12-5,4.0,246.7138997865769,299.8708671722014,143.88557318791158,12.347678972828765,1.9604515579486266,9.863010504951124,5.222543949123002,59.0410678008582,completed
5,500.0,40.0,conical,53.65384615384615,,E12-6,0.0,263.0138997865769,309.9173128818663,283.12096700961695,12.660740534531966,1.9377751164685504,4.365409687261388,5.23999818564659,0.1587700417861203,completed
5,500.0,40.0,conical,53.65384615384615,,E12-6,2.0,263.0138997865769,309.9173128818663,279.6997986915094,12.655966405236681,2.1221197945876726,6.179633077699244,5.239938465439149,61.41878007869281,completed
5,500.0,40.0,conical,53.65384615384615,,E12-6,4.0,263.0138997865769,309.9173128818663,270.2266131148845,12.654188573255412,1.7294286011389055,10.224765300569505,5.239878675607326,119.73743803979912,completed
5,500.0,40.0,ogive,53.65384615384615,,D12-5,0.0,249.90328685921887,296.26027164328997,156.34918816343534,12.335335299363448,2.554742398120278,4.728450249186112,5.259453660972931,0.05814940244536513,completed
5,500.0,40.0,ogive,53.65384615384615,,D12-5,2.0,249.90328685921887,296.26027164328997,154.26405635000646,12.33134141123281,2.2782323012149983,5.9115500398281755,5.259393670276105,30.710452323468726,completed
5,500.0,40.0,ogive,53.65384615384615,,D12-5,4.0,249.90328685921887,296.26027164328997,148.4820500195099,12.330077115412163,1.9787423078245991,9.435507994827862,5.259333645024072,59.49296912075014,completed
5,500.0,40.0,ogive,53.65384615384615,,E12-6,0.0,266.20328685921885,306.40743249950765,302.3397479037768,12.483393133847105,1.8467533379936443,0.9515376865615924,5.276667957979721,0.19578260960661004,completed
5,500.0,40.0,ogive,53.65384615384615,,E12-6,2.0,266.20328685921885,306.40743249950765,298.58089577227105,12.479675169422045,2.140741341667281,5.091978798468654,5.276607703985931,64.02997309053859,completed
5,500.0,40.0,ogive,53.65384615384615,,E12-6,4.0,266.20328685921885,306.40743249950765,288.16497988519876,12.478416066150855,1.736884936796444,9.908996546688149,5.276547523398544,125.60688706221025,completed
5,500.0,50.0,conical,53.65384615384615,,D12-5,0.0,247.4695166569279,308.9796097192029,153.1437038133927,12.310365752975532,2.6905325278067513,5.677542434236655,5.2314026952118775,0.04122689594263471,completed
5,500.0,50.0,conical,53.65384615384615,,D12-5,2.0,247.4695166569279,308.9796097192029,151.12241640772507,12.305679791540033,2.183898939271251,6.467143252731571,5.231343061420412,30.793105403261553,completed
5,500.0,50.0,conical,53.65384615384615,,D12-5,4.0,247.4695166569279,308.9796097192029,145.56377882437422,12.304155577009688,1.9435722516426195,9.661045996126171,5.231283360308467,59.60152703058757,completed
5,500.0,50.0,conical,53.65384615384615,,E12-6,0.0,263.76951665692786,319.0523519953041,289.1099941504882,12.618594549066453,2.4316215770109006,3.327335682422708,5.248709033407045,0.17274118998228596,completed
5,500.0,50.0,conical,53.65384615384615,,E12-6,2.0,263.76951665692786,319.0523519953041,285.6008262396351,12.614157463976841,2.1130779675691143,5.649363088204725,5.248649159564742,62.48720576587113,completed
5,500.0,50.0,conical,53.65384615384615,,E12-6,4.0,263.76951665692786,319.0523519953041,275.90198348975025,12.612539946174087,1.7123862539711414,9.959457578948266,5.248589244473867,122.17818149352784,completed
5,500.0,50.0,ogive,53.65384615384615,,D12-5,0.0,251.0406806038848,304.9065874262267,155.15940231423988,12.26846273694711,2.715503660659362,4.899583931005413,5.272511712322054,0.05550052934615744,completed
5,500.0,50.0,ogive,53.65384615384615,,D12-5,2.0,251.0406806038848,304.9065874262267,153.07949761693442,12.26450344533672,2.2571572624810905,6.0345416409264985,5.272451562804554,30.112775405876405,completed
5,500.0,50.0,ogive,53.65384615384615,,D12-5,4.0,251.0406806038848,304.9065874262267,147.34163384469306,12.263278320490944,1.9595576160543824,9.532793386478652,5.272391504546666,58.41277314680927,completed
5,500.0,50.0,ogive,53.65384615384615,,E12-6,0.0,267.3406806038848,315.09311279453584,300.6464815148879,12.420059467694793,2.3220155497665345,1.091514347676819,5.289683623020662,0.1946599792030371,completed
5,500.0,50.0,ogive,53.65384615384615,,E12-6,2.0,267.3406806038848,315.09311279453584,296.88633173674225,12.416371359597923,2.130852447393375,5.1373277953571606,5.289623236076618,63.087445157971,completed
5,500.0,50.0,ogive,53.65384615384615,,E12-6,4.0,267.3406806038848,315.09311279453584,286.4941077495867,12.415146661173196,1.7171321451113217,9.962590614319746,5.289562896196126,123.84101064642991,completed
